{
  "id": "704d13ff-5559-4a78-82da-baad63899d31",
  "prevId": "93382dea-b6bb-40c4-aa88-b726582a7977",
  "version": "7",
  "dialect": "postgresql",
  "tables": {
    "public.categories": {
      "name": "categories",
      "schema": "",
      "columns": {
        "id": {
          "name": "id",
          "type": "integer",
          "primaryKey": true,
          "notNull": true
        },
        "title": {
          "name": "title",
          "type": "varchar",
          "primaryKey": false,
          "notNull": false
        },
        "image": {
          "name": "image",
          "type": "text",
          "primaryKey": false,
          "notNull": true
        }
      },
      "indexes": {},
      "foreignKeys": {},
      "compositePrimaryKeys": {},
      "uniqueConstraints": {},
      "policies": {},
      "checkConstraints": {},
      "isRLSEnabled": false
    },
    "public.categoryManufacturer": {
      "name": "categoryManufacturer",
      "schema": "",
      "columns": {
        "id": {
          "name": "id",
          "type": "serial",
          "primaryKey": true,
          "notNull": true
        },
        "category_id": {
          "name": "category_id",
          "type": "integer",
          "primaryKey": false,
          "notNull": true
        },
        "manufacturer_id": {
          "name": "manufacturer_id",
          "type": "integer",
          "primaryKey": false,
          "notNull": true
        }
      },
      "indexes": {},
      "foreignKeys": {
        "categoryManufacturer_category_id_categories_id_fk": {
          "name": "categoryManufacturer_category_id_categories_id_fk",
          "tableFrom": "categoryManufacturer",
          "tableTo": "categories",
          "columnsFrom": [
            "category_id"
          ],
          "columnsTo": [
            "id"
          ],
          "onDelete": "cascade",
          "onUpdate": "no action"
        },
        "categoryManufacturer_manufacturer_id_manufacturers_id_fk": {
          "name": "categoryManufacturer_manufacturer_id_manufacturers_id_fk",
          "tableFrom": "categoryManufacturer",
          "tableTo": "manufacturers",
          "columnsFrom": [
            "manufacturer_id"
          ],
          "columnsTo": [
            "id"
          ],
          "onDelete": "cascade",
          "onUpdate": "no action"
        }
      },
      "compositePrimaryKeys": {},
      "uniqueConstraints": {},
      "policies": {},
      "checkConstraints": {},
      "isRLSEnabled": false
    },
    "public.manufacturers": {
      "name": "manufacturers",
      "schema": "",
      "columns": {
        "id": {
          "name": "id",
          "type": "serial",
          "primaryKey": true,
          "notNull": true
        },
        "title": {
          "name": "title",
          "type": "varchar",
          "primaryKey": false,
          "notNull": false
        }
      },
      "indexes": {},
      "foreignKeys": {},
      "compositePrimaryKeys": {},
      "uniqueConstraints": {},
      "policies": {},
      "checkConstraints": {},
      "isRLSEnabled": false
    },
    "public.vehicles": {
      "name": "vehicles",
      "schema": "",
      "columns": {
        "id": {
          "name": "id",
          "type": "serial",
          "primaryKey": true,
          "notNull": true
        },
        "url": {
          "name": "url",
          "type": "text",
          "primaryKey": false,
          "notNull": true
        },
        "name": {
          "name": "name",
          "type": "varchar",
          "primaryKey": false,
          "notNull": true
        },
        "condition": {
          "name": "condition",
          "type": "varchar",
          "primaryKey": false,
          "notNull": false
        },
        "horsepower": {
          "name": "horsepower",
          "type": "varchar",
          "primaryKey": false,
          "notNull": false
        },
        "hours_meter": {
          "name": "hours_meter",
          "type": "varchar",
          "primaryKey": false,
          "notNull": false
        },
        "stock_number": {
          "name": "stock_number",
          "type": "varchar",
          "primaryKey": false,
          "notNull": false
        },
        "year": {
          "name": "year",
          "type": "varchar",
          "primaryKey": false,
          "notNull": false
        },
        "serial_number": {
          "name": "serial_number",
          "type": "varchar",
          "primaryKey": false,
          "notNull": false
        },
        "model": {
          "name": "model",
          "type": "varchar",
          "primaryKey": false,
          "notNull": false
        },
        "description": {
          "name": "description",
          "type": "text",
          "primaryKey": false,
          "notNull": false
        },
        "images": {
          "name": "images",
          "type": "text[]",
          "primaryKey": false,
          "notNull": true,
          "default": "ARRAY[]::text[]"
        },
        "category_id": {
          "name": "category_id",
          "type": "integer",
          "primaryKey": false,
          "notNull": false
        },
        "manufacturer_id": {
          "name": "manufacturer_id",
          "type": "integer",
          "primaryKey": false,
          "notNull": false
        }
      },
      "indexes": {},
      "foreignKeys": {
        "vehicles_category_id_categories_id_fk": {
          "name": "vehicles_category_id_categories_id_fk",
          "tableFrom": "vehicles",
          "tableTo": "categories",
          "columnsFrom": [
            "category_id"
          ],
          "columnsTo": [
            "id"
          ],
          "onDelete": "cascade",
          "onUpdate": "no action"
        },
        "vehicles_manufacturer_id_manufacturers_id_fk": {
          "name": "vehicles_manufacturer_id_manufacturers_id_fk",
          "tableFrom": "vehicles",
          "tableTo": "manufacturers",
          "columnsFrom": [
            "manufacturer_id"
          ],
          "columnsTo": [
            "id"
          ],
          "onDelete": "cascade",
          "onUpdate": "no action"
        }
      },
      "compositePrimaryKeys": {},
      "uniqueConstraints": {},
      "policies": {},
      "checkConstraints": {},
      "isRLSEnabled": false
    }
  },
  "enums": {},
  "schemas": {},
  "sequences": {},
  "roles": {},
  "policies": {},
  "views": {},
  "_meta": {
    "columns": {},
    "schemas": {},
    "tables": {}
  }
}