{
  "version": "7",
  "dialect": "postgresql",
  "entries": [
    {
      "idx": 0,
      "version": "7",
      "when": 1735198372368,
      "tag": "0000_goofy_grandmaster",
      "breakpoints": true
    },
    {
      "idx": 1,
      "version": "7",
      "when": 1735198437948,
      "tag": "0001_wide_omega_sentinel",
      "breakpoints": true
    },
    {
      "idx": 2,
      "version": "7",
      "when": 1735290086781,
      "tag": "0002_left_white_tiger",
      "breakpoints": true
    },
    {
      "idx": 3,
      "version": "7",
      "when": 1735290105951,
      "tag": "0003_white_war_machine",
      "breakpoints": true
    }
  ]
}