"id","category_id","manufacturer_id"
1,1001,15
2,1001,27
3,1001,28
4,1001,34
5,1001,39
6,1001,41
7,1001,50
8,1001,57
9,1001,65
10,1001,67
11,1001,119
12,1001,120
13,1001,121
14,1001,154
15,1001,165
16,1001,175
17,1001,179
18,1001,208
19,1001,214
20,1001,215
21,1001,220
22,1001,236
23,1001,245
24,1001,248
25,1001,265
26,1001,272
27,1001,283
28,1001,284
29,1001,298
30,1001,308
31,1001,309
32,1001,313
33,1001,320
34,1001,321
35,1001,325
36,1001,331
37,1001,332
38,1001,337
39,1001,344
40,1001,395
41,1001,399
42,1001,402
43,1001,416
44,1001,417
45,1001,419
46,1001,421
47,1001,425
48,1001,453
49,1001,468
50,1001,496
51,1001,504
52,1001,519
53,1001,524
54,1001,542
55,1001,559
56,1001,565
57,1001,577
58,1001,587
59,1001,589
60,1001,594
61,1001,616
62,1001,617
63,1001,620
64,1001,621
65,1001,3
66,1001,633
67,1001,634
68,1001,636
69,1001,643
70,1001,645
71,1001,676
72,1001,683
73,1001,701
74,1001,707
75,1001,711
76,1001,713
77,1001,716
78,1001,718
79,1001,720
80,1001,724
81,1001,731
82,1001,742
83,1001,749
84,1001,761
85,1001,765
86,1001,769
87,1001,770
88,1001,811
89,1001,815
90,1001,819
91,1001,820
92,1001,821
93,1001,822
94,1001,823
95,1001,824
96,1001,825
97,1001,845
98,1001,846
99,1001,847
100,1001,848
101,1001,852
102,1001,855
103,1001,857
104,1001,859
105,1001,869
106,1001,893
107,1001,894
108,1001,907
109,1001,913
110,1001,920
111,1001,926
112,1001,928
113,1001,929
114,1001,931
115,1001,949
116,1001,966
117,1001,978
118,1001,984
119,1001,993
120,1001,996
121,1001,1000
122,1001,1004
123,1001,1031
124,1001,1033
125,1001,1041
126,1001,1049
127,1001,1051
128,1001,1057
129,1001,1073
130,1001,1074
131,1001,1075
132,1001,1080
133,1001,1094
134,1001,1098
135,1001,1099
136,1001,1103
137,1001,1104
138,1001,1105
139,1001,1110
140,1001,1115
141,1001,1120
142,1001,1121
143,1001,1125
144,1001,1136
145,1001,1137
146,1001,1143
147,1001,1155
148,1001,1181
149,1001,1186
150,1001,1187
151,1001,1198
152,1001,1220
153,1001,1221
154,1001,1226
155,1001,1229
156,1001,1236
157,1001,1240
158,1001,1242
159,1001,1245
160,1001,1248
161,1001,1252
162,1001,1256
163,1001,1265
164,1001,1266
165,1001,1267
166,1001,1300
167,1001,1301
168,1001,1304
169,1001,1308
170,1001,1309
171,1001,1311
172,1001,1316
173,1001,1333
174,1001,1340
175,1001,1345
176,1001,1360
177,1001,1361
178,1001,1376
179,1001,1397
180,1001,1399
181,1001,1402
182,1001,1403
183,1001,1408
184,1001,1423
185,1001,1430
186,1001,1444
187,1001,1463
188,1001,1487
189,1001,1488
190,1001,1491
191,1001,1507
192,1001,1510
193,1001,1521
194,1001,1522
195,1001,1523
196,1001,1530
197,1001,1537
198,1001,1539
199,1001,1543
200,1001,1550
201,1001,1553
202,1001,1559
203,1001,1564
204,1001,1566
205,1001,1571
206,1001,1586
207,1001,1612
208,1001,1617
209,1001,1629
210,1001,1641
211,1001,1645
212,1001,1653
213,1001,1659
214,1001,1675
215,1001,1685
216,1001,1717
217,1001,1723
218,1001,1733
219,1001,1747
220,1001,1751
221,1001,1764
222,1001,1773
223,1001,1799
224,1001,1808
225,1001,1812
226,1001,1819
227,1001,1836
228,1001,1842
229,1001,1843
230,1001,1848
231,1001,1850
232,1001,1862
233,1001,1874
234,1001,1884
235,1001,1897
236,1001,1918
237,1001,1923
238,1001,1937
239,1001,1938
240,1001,1939
241,1001,1942
242,1001,1954
243,1001,1971
244,1001,1984
245,1001,1988
246,1001,1991
247,1001,1999
248,1001,2013
249,1001,2014
250,1001,2023
251,1001,2030
252,1001,2031
253,1001,2034
254,1001,2035
255,1001,2046
256,1001,2053
257,1001,2055
258,1001,2062
259,1001,2063
260,1001,10
261,1001,2064
262,1001,2065
263,1001,2075
264,1001,2076
265,1001,2081
266,1001,2085
267,1001,2089
268,1001,2090
269,1001,2100
270,1001,2103
271,1001,2104
272,1001,2113
273,1001,2117
274,1001,2126
275,1001,2141
276,1001,2178
277,1001,2189
278,1001,2192
279,1001,2203
280,1001,2208
281,1001,2216
282,1001,2217
283,1001,2237
284,1001,2278
285,1001,2287
286,1001,2294
287,1001,2305
288,1001,2339
289,1001,2341
290,1001,2362
291,1001,2365
292,1001,2371
293,1001,2376
294,1001,2391
295,1001,2392
296,1001,2407
297,1001,2408
298,1001,2421
299,1001,2430
300,1001,2441
301,1001,2445
302,1001,2461
303,1001,2463
304,1001,2465
305,1001,2469
306,1001,2483
307,1001,2496
308,1001,2501
309,1001,2516
310,1001,2519
311,1001,2522
312,1001,2527
313,1001,2536
314,1001,2543
315,1001,2577
316,1001,2601
317,1001,2603
318,1001,2606
319,1001,2613
320,1001,2622
321,1001,2649
322,1001,2650
323,1001,2657
324,1001,2661
325,1001,2687
326,1001,2688
327,1001,2689
328,1001,2691
329,1001,2694
330,1001,2695
331,1001,2697
332,1001,2722
333,1001,2723
334,1001,2733
335,1001,2746
336,1001,2748
337,1001,2754
338,1001,2760
339,1001,2765
340,1001,2790
341,1001,2791
342,1001,2799
343,1001,2802
344,1001,2827
345,1001,2830
346,1001,2835
347,1001,2840
348,1001,2853
349,1001,2855
350,1001,2865
351,1001,2870
352,1001,2871
353,1001,2897
354,1001,2903
355,1001,2904
356,1001,2905
357,1001,2935
358,1001,2941
359,1001,2973
360,1001,2976
361,1001,2978
362,1001,2985
363,1001,2989
364,1001,2992
365,1001,2996
366,1001,2999
367,1001,3007
368,1001,3028
369,1001,3044
370,1001,3048
371,1001,3062
372,1001,3071
373,1001,3074
374,1001,3078
375,1001,3081
376,1001,3086
377,1001,3094
378,1001,3104
379,1001,3105
380,1001,3117
381,1001,3119
382,1001,3120
383,1001,3122
384,1001,3156
385,1001,3162
386,1001,3170
387,1001,3173
388,1001,3174
389,1001,3175
390,1001,3178
391,1001,3191
392,1001,3200
393,1001,3201
394,1001,3203
395,1001,3213
396,1001,3214
397,1001,3223
398,1001,3224
399,1001,3245
400,1001,3262
401,1001,3265
402,1001,3275
403,1001,3276
404,1001,3288
405,1001,3309
406,1001,3311
407,1001,3312
408,1001,3313
409,1001,3314
410,1001,3315
411,1001,3316
412,1001,3317
413,1001,3318
414,1001,3330
415,1001,3333
416,1001,3343
417,1001,3344
418,1001,3345
419,1001,3346
420,1001,3355
421,1001,3372
422,1001,3373
423,1001,3375
424,1001,3383
425,1001,3384
426,1001,3402
427,1001,3403
428,1001,3413
429,1001,3418
430,1001,3423
431,1001,3443
432,1001,3445
433,1001,3449
434,1001,3450
435,1001,3456
436,1001,3461
437,1001,3493
438,1001,3495
439,1001,3504
440,1001,3517
441,1001,3518
442,1001,3520
443,1001,3533
444,1001,3535
445,1001,3537
446,1001,3541
447,1001,3545
448,1001,3546
449,1001,3550
450,1001,3557
451,1001,3565
452,1001,3583
453,1001,3589
454,1001,3594
455,1001,3597
456,1001,3616
457,1001,3618
458,1001,3629
459,1001,3632
460,1001,3639
461,1001,3648
462,1001,3649
463,1001,3650
464,1001,3656
465,1001,3697
466,1001,3712
467,1001,3713
468,1001,3721
469,1001,3724
470,1001,3727
471,1001,3729
472,1001,3730
473,1001,3733
474,1001,3736
475,1001,3745
476,1001,3747
477,1001,3751
478,1001,3770
479,1001,3774
480,1001,3777
481,1001,3778
482,1001,3789
483,1001,3800
484,1001,3808
485,1001,3810
486,1001,3823
487,1001,3841
488,1001,3846
489,1001,3848
490,1001,3867
491,1001,3878
492,1001,3884
493,1001,3895
494,1001,3901
495,1001,3906
496,1001,3947
497,1001,3949
498,1001,3952
499,1001,3953
500,1001,3964
501,1001,3967
502,1001,3978
503,1001,3983
504,1001,3984
505,1001,3996
506,1001,4014
507,1001,4019
508,1001,4023
509,1001,4045
510,1001,4055
511,1001,4056
512,1001,4059
513,1001,4060
514,1001,4061
515,1001,4062
516,1001,4068
517,1001,4071
518,1001,4082
519,1001,4091
520,1001,4097
521,1001,4098
522,1001,4122
523,1001,4124
524,1001,4152
525,1001,4156
526,1001,4159
527,1001,4163
528,1001,4165
529,1001,4167
530,1001,4191
531,1001,4195
532,1001,4198
533,1001,4201
534,1001,4216
535,1001,4232
536,1001,4253
537,1001,4258
538,1001,4265
539,1001,4287
540,1001,4300
541,1006,56
542,1006,82
543,1006,85
544,1006,86
545,1006,88
546,1006,123
547,1006,143
548,1006,155
549,1006,193
550,1006,211
551,1006,243
552,1006,248
553,1006,249
554,1006,297
555,1006,325
556,1006,391
557,1006,1
558,1006,462
559,1006,480
560,1006,515
561,1006,526
562,1006,627
563,1006,3
564,1006,635
565,1006,681
566,1006,746
567,1006,747
568,1006,748
569,1006,764
570,1006,808
571,1006,835
572,1006,841
573,1006,917
574,1006,923
575,1006,940
576,1006,990
577,1006,1073
578,1006,1096
579,1006,1124
580,1006,1132
581,1006,1148
582,1006,1150
583,1006,1291
584,1006,1355
585,1006,1397
586,1006,1508
587,1006,1526
588,1006,1548
589,1006,1595
590,1006,1596
591,1006,1715
592,1006,1757
593,1006,1778
594,1006,1822
595,1006,1847
596,1006,1880
597,1006,1902
598,1006,1937
599,1006,1953
600,1006,1958
601,1006,1959
602,1006,2126
603,1006,2161
604,1006,2215
605,1006,2266
606,1006,2286
607,1006,2304
608,1006,2331
609,1006,2428
610,1006,2457
611,1006,2475
612,1006,2489
613,1006,2505
614,1006,2592
615,1006,2923
616,1006,3003
617,1006,3015
618,1006,3087
619,1006,3185
620,1006,3198
621,1006,3230
622,1006,3261
623,1006,3394
624,1006,3451
625,1006,3505
626,1006,3598
627,1006,3599
628,1006,3600
629,1006,3618
630,1006,3750
631,1006,3766
632,1006,3983
633,1006,3984
634,1006,4078
635,1006,4203
636,1006,4248
637,1006,4274
638,1007,29
639,1007,37
640,1007,38
641,1007,47
642,1007,59
643,1007,76
644,1007,91
645,1007,98
646,1007,110
647,1007,113
648,1007,114
649,1007,130
650,1007,140
651,1007,141
652,1007,146
653,1007,147
654,1007,170
655,1007,186
656,1007,201
657,1007,234
658,1007,236
659,1007,237
660,1007,245
661,1007,248
662,1007,288
663,1007,308
664,1007,315
665,1007,316
666,1007,317
667,1007,319
668,1007,332
669,1007,342
670,1007,343
671,1007,359
672,1007,370
673,1007,382
674,1007,392
675,1007,393
676,1007,394
677,1007,401
678,1007,405
679,1007,423
680,1007,424
681,1007,435
682,1007,436
683,1007,437
684,1007,439
685,1007,461
686,1007,464
687,1007,468
688,1007,476
689,1007,493
690,1007,498
691,1007,509
692,1007,520
693,1007,541
694,1007,561
695,1007,566
696,1007,588
697,1007,605
698,1007,611
699,1007,614
700,1007,619
701,1007,3
702,1007,636
703,1007,637
704,1007,638
705,1007,644
706,1007,675
707,1007,682
708,1007,684
709,1007,691
710,1007,693
711,1007,695
712,1007,709
713,1007,724
714,1007,730
715,1007,742
716,1007,754
717,1007,757
718,1007,758
719,1007,799
720,1007,816
721,1007,839
722,1007,846
723,1007,889
724,1007,909
725,1007,917
726,1007,949
727,1007,955
728,1007,956
729,1007,964
730,1007,974
731,1007,976
732,1007,978
733,1007,990
734,1007,992
735,1007,1021
736,1007,1043
737,1007,1046
738,1007,1058
739,1007,1064
740,1007,1065
741,1007,1077
742,1007,1108
743,1007,1126
744,1007,1135
745,1007,1181
746,1007,1185
747,1007,1197
748,1007,1212
749,1007,1233
750,1007,1235
751,1007,1245
752,1007,1248
753,1007,1252
754,1007,1254
755,1007,1269
756,1007,1306
757,1007,1313
758,1007,1338
759,1007,1367
760,1007,1387
761,1007,1396
762,1007,1415
763,1007,1423
764,1007,1427
765,1007,1429
766,1007,1455
767,1007,1457
768,1007,1473
769,1007,1484
770,1007,1485
771,1007,1498
772,1007,1525
773,1007,1554
774,1007,1563
775,1007,1569
776,1007,1580
777,1007,1603
778,1007,1636
779,1007,1646
780,1007,1689
781,1007,1706
782,1007,1756
783,1007,1758
784,1007,1779
785,1007,1790
786,1007,1792
787,1007,1809
788,1007,1811
789,1007,1818
790,1007,1820
791,1007,1822
792,1007,1840
793,1007,1853
794,1007,1863
795,1007,1879
796,1007,1886
797,1007,7
798,1007,1931
799,1007,1946
800,1007,1977
801,1007,1990
802,1007,1991
803,1007,2015
804,1007,2041
805,1007,2044
806,1007,2058
807,1007,2062
808,1007,2106
809,1007,2126
810,1007,2144
811,1007,2153
812,1007,2165
813,1007,2176
814,1007,2179
815,1007,2188
816,1007,2194
817,1007,2201
818,1007,2209
819,1007,2289
820,1007,2299
821,1007,2308
822,1007,2321
823,1007,2329
824,1007,2337
825,1007,2343
826,1007,2345
827,1007,2366
828,1007,2384
829,1007,2401
830,1007,2404
831,1007,2412
832,1007,2414
833,1007,2426
834,1007,2436
835,1007,2450
836,1007,2456
837,1007,2460
838,1007,2464
839,1007,2481
840,1007,2486
841,1007,2490
842,1007,2491
843,1007,2499
844,1007,2528
845,1007,2546
846,1007,2549
847,1007,2552
848,1007,2553
849,1007,2565
850,1007,2579
851,1007,2592
852,1007,2593
853,1007,2595
854,1007,2600
855,1007,2618
856,1007,2630
857,1007,2640
858,1007,2641
859,1007,2692
860,1007,2696
861,1007,2702
862,1007,2730
863,1007,2739
864,1007,2791
865,1007,2798
866,1007,2817
867,1007,2820
868,1007,2834
869,1007,2858
870,1007,2859
871,1007,2893
872,1007,2911
873,1007,2915
874,1007,2917
875,1007,2925
876,1007,2926
877,1007,2930
878,1007,2969
879,1007,2970
880,1007,2998
881,1007,3006
882,1007,3009
883,1007,3022
884,1007,3049
885,1007,3051
886,1007,3055
887,1007,3065
888,1007,3068
889,1007,3070
890,1007,3072
891,1007,3084
892,1007,3085
893,1007,3090
894,1007,3102
895,1007,3124
896,1007,3129
897,1007,3144
898,1007,3147
899,1007,3160
900,1007,3163
901,1007,3195
902,1007,3217
903,1007,3231
904,1007,3244
905,1007,3247
906,1007,3255
907,1007,3266
908,1007,3272
909,1007,3275
910,1007,3280
911,1007,3282
912,1007,3294
913,1007,3301
914,1007,3302
915,1007,3303
916,1007,3322
917,1007,3326
918,1007,3328
919,1007,3332
920,1007,3349
921,1007,3397
922,1007,3399
923,1007,3405
924,1007,3406
925,1007,3465
926,1007,3470
927,1007,3476
928,1007,3481
929,1007,3495
930,1007,3532
931,1007,3537
932,1007,3539
933,1007,3552
934,1007,3560
935,1007,3563
936,1007,3570
937,1007,3572
938,1007,3576
939,1007,3582
940,1007,3584
941,1007,3586
942,1007,3602
943,1007,3675
944,1007,3682
945,1007,3699
946,1007,3704
947,1007,3721
948,1007,3725
949,1007,3760
950,1007,3769
951,1007,3804
952,1007,3807
953,1007,3813
954,1007,3824
955,1007,3830
956,1007,3856
957,1007,3869
958,1007,3876
959,1007,3937
960,1007,3973
961,1007,3983
962,1007,3984
963,1007,3988
964,1007,4004
965,1007,4030
966,1007,4045
967,1007,4070
968,1007,4083
969,1007,4086
970,1007,12
971,1007,4095
972,1007,4104
973,1007,4137
974,1007,4144
975,1007,4147
976,1007,4202
977,1007,4208
978,1007,4210
979,1007,4252
980,1007,4254
981,1007,4281
982,1007,4298
983,31563,95
984,31563,153
985,31563,306
986,31563,878
987,31563,894
988,31563,996
989,31563,1585
990,31563,1656
991,31563,1967
992,31563,2251
993,31563,2509
994,31563,3265
995,31563,3923
996,31563,3984
997,31563,4084
998,31563,4254
999,1008,29
1000,1008,101
1001,1008,111
1002,1008,141
1003,1008,152
1004,1008,170
1005,1008,247
1006,1008,248
1007,1008,316
1008,1008,318
1009,1008,357
1010,1008,359
1011,1008,370
1012,1008,397
1013,1008,423
1014,1008,1
1015,1008,468
1016,1008,480
1017,1008,493
1018,1008,536
1019,1008,553
1020,1008,576
1021,1008,604
1022,1008,2
1023,1008,3
1024,1008,681
1025,1008,724
1026,1008,728
1027,1008,776
1028,1008,782
1029,1008,846
1030,1008,909
1031,1008,990
1032,1008,1006
1033,1008,1011
1034,1008,1021
1035,1008,1064
1036,1008,1084
1037,1008,1201
1038,1008,1252
1039,1008,1284
1040,1008,1314
1041,1008,1335
1042,1008,1387
1043,1008,1426
1044,1008,1497
1045,1008,1535
1046,1008,1567
1047,1008,1580
1048,1008,1598
1049,1008,1615
1050,1008,1655
1051,1008,1685
1052,1008,1712
1053,1008,1758
1054,1008,1782
1055,1008,1784
1056,1008,6
1057,1008,1794
1058,1008,1822
1059,1008,1823
1060,1008,7
1061,1008,1896
1062,1008,1941
1063,1008,1952
1064,1008,1984
1065,1008,2068
1066,1008,2110
1067,1008,2126
1068,1008,2149
1069,1008,2153
1070,1008,2163
1071,1008,2207
1072,1008,2214
1073,1008,2239
1074,1008,2275
1075,1008,2345
1076,1008,2356
1077,1008,2384
1078,1008,2404
1079,1008,2411
1080,1008,2413
1081,1008,2435
1082,1008,2486
1083,1008,2487
1084,1008,2521
1085,1008,2583
1086,1008,2589
1087,1008,2592
1088,1008,2596
1089,1008,2597
1090,1008,2610
1091,1008,2696
1092,1008,2700
1093,1008,2787
1094,1008,2788
1095,1008,2791
1096,1008,2812
1097,1008,2987
1098,1008,2990
1099,1008,3033
1100,1008,3065
1101,1008,3085
1102,1008,3123
1103,1008,3190
1104,1008,3195
1105,1008,3244
1106,1008,3250
1107,1008,3258
1108,1008,3266
1109,1008,3321
1110,1008,3322
1111,1008,3338
1112,1008,3374
1113,1008,3386
1114,1008,3489
1115,1008,3542
1116,1008,3576
1117,1008,3582
1118,1008,3621
1119,1008,3638
1120,1008,3676
1121,1008,3678
1122,1008,3721
1123,1008,3769
1124,1008,3810
1125,1008,3824
1126,1008,3863
1127,1008,3890
1128,1008,3961
1129,1008,3984
1130,1008,4028
1131,1008,4054
1132,1008,4058
1133,1008,12
1134,1008,4099
1135,1008,4102
1136,1008,4104
1137,1008,4113
1138,1008,4137
1139,1008,4144
1140,1008,4176
1141,1008,4244
1142,1008,4254
1143,1008,4269
1144,1008,4277
1145,1008,4302
1146,1015,55
1147,1015,83
1148,1015,128
1149,1015,139
1150,1015,151
1151,1015,152
1152,1015,178
1153,1015,181
1154,1015,185
1155,1015,210
1156,1015,216
1157,1015,233
1158,1015,247
1159,1015,261
1160,1015,267
1161,1015,276
1162,1015,287
1163,1015,290
1164,1015,303
1165,1015,310
1166,1015,325
1167,1015,353
1168,1015,361
1169,1015,365
1170,1015,367
1171,1015,368
1172,1015,369
1173,1015,400
1174,1015,413
1175,1015,422
1176,1015,426
1177,1015,440
1178,1015,441
1179,1015,460
1180,1015,509
1181,1015,513
1182,1015,528
1183,1015,540
1184,1015,549
1185,1015,555
1186,1015,585
1187,1015,622
1188,1015,623
1189,1015,2
1190,1015,641
1191,1015,661
1192,1015,667
1193,1015,690
1194,1015,702
1195,1015,715
1196,1015,729
1197,1015,733
1198,1015,741
1199,1015,742
1200,1015,745
1201,1015,755
1202,1015,756
1203,1015,774
1204,1015,778
1205,1015,781
1206,1015,830
1207,1015,832
1208,1015,864
1209,1015,885
1210,1015,898
1211,1015,909
1212,1015,917
1213,1015,918
1214,1015,930
1215,1015,935
1216,1015,945
1217,1015,975
1218,1015,985
1219,1015,1019
1220,1015,1029
1221,1015,1047
1222,1015,1111
1223,1015,1114
1224,1015,1138
1225,1015,1182
1226,1015,1190
1227,1015,1196
1228,1015,1268
1229,1015,1271
1230,1015,1272
1231,1015,1275
1232,1015,1278
1233,1015,1287
1234,1015,1322
1235,1015,1324
1236,1015,1327
1237,1015,1342
1238,1015,1372
1239,1015,1377
1240,1015,1378
1241,1015,1379
1242,1015,1387
1243,1015,1399
1244,1015,1417
1245,1015,1418
1246,1015,1435
1247,1015,1483
1248,1015,1494
1249,1015,1524
1250,1015,1538
1251,1015,1581
1252,1015,1602
1253,1015,1608
1254,1015,1632
1255,1015,1640
1256,1015,1662
1257,1015,1664
1258,1015,1685
1259,1015,1686
1260,1015,1692
1261,1015,1697
1262,1015,1703
1263,1015,1704
1264,1015,1722
1265,1015,1728
1266,1015,1749
1267,1015,1784
1268,1015,6
1269,1015,1789
1270,1015,1804
1271,1015,1813
1272,1015,1821
1273,1015,1829
1274,1015,1831
1275,1015,1899
1276,1015,1900
1277,1015,1915
1278,1015,8
1279,1015,1919
1280,1015,1933
1281,1015,1946
1282,1015,1970
1283,1015,1978
1284,1015,2006
1285,1015,2024
1286,1015,2033
1287,1015,2055
1288,1015,2058
1289,1015,2059
1290,1015,10
1291,1015,2066
1292,1015,2089
1293,1015,2110
1294,1015,2170
1295,1015,2176
1296,1015,2183
1297,1015,2185
1298,1015,2190
1299,1015,2199
1300,1015,2203
1301,1015,2204
1302,1015,2209
1303,1015,2213
1304,1015,2223
1305,1015,2237
1306,1015,2247
1307,1015,2270
1308,1015,2297
1309,1015,2300
1310,1015,2308
1311,1015,2311
1312,1015,2328
1313,1015,2330
1314,1015,2333
1315,1015,2338
1316,1015,2344
1317,1015,2390
1318,1015,2400
1319,1015,2443
1320,1015,2470
1321,1015,2480
1322,1015,2485
1323,1015,2514
1324,1015,2518
1325,1015,2537
1326,1015,2540
1327,1015,2548
1328,1015,2569
1329,1015,2572
1330,1015,2602
1331,1015,2604
1332,1015,2621
1333,1015,2629
1334,1015,2638
1335,1015,2666
1336,1015,2674
1337,1015,2678
1338,1015,2693
1339,1015,2701
1340,1015,2707
1341,1015,2709
1342,1015,2726
1343,1015,2735
1344,1015,2756
1345,1015,2763
1346,1015,2766
1347,1015,2778
1348,1015,2793
1349,1015,2808
1350,1015,2815
1351,1015,2828
1352,1015,2839
1353,1015,2848
1354,1015,2855
1355,1015,2870
1356,1015,2879
1357,1015,2888
1358,1015,2890
1359,1015,2909
1360,1015,2910
1361,1015,2937
1362,1015,2940
1363,1015,2946
1364,1015,2953
1365,1015,2992
1366,1015,3011
1367,1015,3019
1368,1015,3026
1369,1015,3030
1370,1015,3076
1371,1015,3117
1372,1015,3131
1373,1015,3145
1374,1015,3158
1375,1015,3194
1376,1015,3232
1377,1015,3233
1378,1015,3241
1379,1015,3258
1380,1015,3260
1381,1015,3266
1382,1015,3268
1383,1015,3304
1384,1015,3324
1385,1015,3329
1386,1015,3341
1387,1015,3352
1388,1015,3389
1389,1015,3414
1390,1015,3416
1391,1015,3432
1392,1015,3433
1393,1015,3436
1394,1015,3439
1395,1015,3462
1396,1015,3470
1397,1015,3472
1398,1015,3479
1399,1015,3510
1400,1015,3523
1401,1015,3525
1402,1015,3527
1403,1015,3547
1404,1015,3548
1405,1015,3549
1406,1015,3556
1407,1015,3602
1408,1015,3605
1409,1015,3614
1410,1015,3617
1411,1015,3628
1412,1015,3640
1413,1015,3644
1414,1015,3658
1415,1015,3659
1416,1015,3660
1417,1015,3706
1418,1015,3711
1419,1015,3714
1420,1015,3721
1421,1015,3722
1422,1015,3723
1423,1015,3726
1424,1015,3731
1425,1015,3737
1426,1015,3752
1427,1015,3782
1428,1015,3787
1429,1015,3812
1430,1015,3828
1431,1015,3926
1432,1015,3970
1433,1015,3984
1434,1015,3997
1435,1015,3999
1436,1015,4005
1437,1015,4016
1438,1015,4043
1439,1015,4047
1440,1015,12
1441,1015,4111
1442,1015,4149
1443,1015,4150
1444,1015,4182
1445,1015,4193
1446,1015,4223
1447,1015,4246
1448,1015,4254
1449,1015,4286
1450,1015,4294
1451,1015,4298
1452,1015,4301
1453,13029,126
1454,13029,128
1455,13029,129
1456,13029,240
1457,13029,357
1458,13029,383
1459,13029,469
1460,13029,585
1461,13029,723
1462,13029,977
1463,13029,1328
1464,13029,1594
1465,13029,1667
1466,13029,1682
1467,13029,1685
1468,13029,1804
1469,13029,1978
1470,13029,2057
1471,13029,10
1472,13029,2222
1473,13029,2535
1474,13029,2550
1475,13029,2560
1476,13029,2681
1477,13029,2927
1478,13029,2937
1479,13029,2966
1480,13029,3063
1481,13029,3209
1482,13029,3279
1483,13029,3422
1484,13029,3618
1485,13029,3671
1486,13029,3739
1487,13029,3843
1488,13029,3984
1489,13029,4266
1490,1024,121
1491,1024,2
1492,1024,3
1493,1024,4
1494,1024,1021
1495,1024,1293
1496,1024,1295
1497,1024,1598
1498,1024,1831
1499,1024,10
1500,1024,2176
1501,1024,2214
1502,1024,2367
1503,1024,2560
1504,1024,2740
1505,1024,3591
1506,1025,121
1507,1025,2
1508,1025,3
1509,1025,702
1510,1025,712
1511,1025,4
1512,1025,939
1513,1025,990
1514,1025,1021
1515,1025,1023
1516,1025,1292
1517,1025,1293
1518,1025,1294
1519,1025,1295
1520,1025,1572
1521,1025,1598
1522,1025,1631
1523,1025,1685
1524,1025,6
1525,1025,1831
1526,1025,10
1527,1025,2176
1528,1025,2214
1529,1025,2367
1530,1025,2474
1531,1025,2506
1532,1025,2550
1533,1025,2655
1534,1025,2703
1535,1025,2740
1536,1025,2741
1537,1025,3338
1538,1025,3374
1539,1025,3632
1540,1025,3721
1541,1025,3785
1542,1025,3790
1543,1025,3839
1544,1025,3842
1545,1025,3984
1546,1025,4107
1547,1025,4254
1548,1025,4289
1549,1028,30
1550,1028,46
1551,1028,139
1552,1028,153
1553,1028,172
1554,1028,176
1555,1028,178
1556,1028,189
1557,1028,225
1558,1028,236
1559,1028,248
1560,1028,304
1561,1028,306
1562,1028,325
1563,1028,327
1564,1028,333
1565,1028,378
1566,1028,385
1567,1028,456
1568,1028,463
1569,1028,482
1570,1028,510
1571,1028,540
1572,1028,558
1573,1028,575
1574,1028,595
1575,1028,597
1576,1028,622
1577,1028,2
1578,1028,3
1579,1028,646
1580,1028,659
1581,1028,681
1582,1028,717
1583,1028,738
1584,1028,784
1585,1028,836
1586,1028,846
1587,1028,848
1588,1028,858
1589,1028,867
1590,1028,868
1591,1028,4
1592,1028,912
1593,1028,948
1594,1028,957
1595,1028,973
1596,1028,990
1597,1028,1025
1598,1028,1026
1599,1028,1027
1600,1028,1032
1601,1028,1067
1602,1028,1112
1603,1028,1113
1604,1028,1119
1605,1028,1140
1606,1028,1171
1607,1028,1181
1608,1028,1212
1609,1028,1218
1610,1028,1233
1611,1028,1249
1612,1028,1303
1613,1028,1329
1614,1028,1336
1615,1028,1341
1616,1028,1346
1617,1028,1377
1618,1028,1389
1619,1028,1397
1620,1028,1406
1621,1028,1412
1622,1028,1414
1623,1028,1421
1624,1028,1445
1625,1028,1456
1626,1028,1458
1627,1028,1459
1628,1028,1496
1629,1028,1533
1630,1028,1536
1631,1028,1542
1632,1028,1556
1633,1028,1590
1634,1028,1595
1635,1028,1622
1636,1028,1648
1637,1028,1656
1638,1028,1673
1639,1028,1674
1640,1028,1685
1641,1028,1736
1642,1028,1739
1643,1028,1748
1644,1028,1762
1645,1028,1767
1646,1028,1769
1647,1028,1774
1648,1028,1793
1649,1028,1797
1650,1028,1813
1651,1028,1822
1652,1028,1827
1653,1028,1833
1654,1028,1890
1655,1028,1912
1656,1028,1917
1657,1028,1927
1658,1028,1937
1659,1028,1946
1660,1028,1947
1661,1028,2001
1662,1028,2023
1663,1028,2024
1664,1028,2038
1665,1028,2045
1666,1028,2055
1667,1028,10
1668,1028,2131
1669,1028,2154
1670,1028,2176
1671,1028,2203
1672,1028,2212
1673,1028,2214
1674,1028,2220
1675,1028,2232
1676,1028,2245
1677,1028,2252
1678,1028,2291
1679,1028,2312
1680,1028,2345
1681,1028,2346
1682,1028,2366
1683,1028,2389
1684,1028,2399
1685,1028,2431
1686,1028,2495
1687,1028,2515
1688,1028,2519
1689,1028,2520
1690,1028,2534
1691,1028,2547
1692,1028,2578
1693,1028,2591
1694,1028,2637
1695,1028,2645
1696,1028,2672
1697,1028,2723
1698,1028,2811
1699,1028,2815
1700,1028,2816
1701,1028,2842
1702,1028,2863
1703,1028,2960
1704,1028,2961
1705,1028,3008
1706,1028,3010
1707,1028,3091
1708,1028,3095
1709,1028,3096
1710,1028,3116
1711,1028,3134
1712,1028,3165
1713,1028,3167
1714,1028,3220
1715,1028,3243
1716,1028,3252
1717,1028,3256
1718,1028,3265
1719,1028,3266
1720,1028,3299
1721,1028,3411
1722,1028,3470
1723,1028,3471
1724,1028,3479
1725,1028,3511
1726,1028,3561
1727,1028,3564
1728,1028,3577
1729,1028,3583
1730,1028,3599
1731,1028,3614
1732,1028,3677
1733,1028,3710
1734,1028,3721
1735,1028,3738
1736,1028,3741
1737,1028,3746
1738,1028,3752
1739,1028,3780
1740,1028,3817
1741,1028,3824
1742,1028,3837
1743,1028,3883
1744,1028,3895
1745,1028,3904
1746,1028,3923
1747,1028,3935
1748,1028,3959
1749,1028,3980
1750,1028,3983
1751,1028,4001
1752,1028,4018
1753,1028,4045
1754,1028,4046
1755,1028,4057
1756,1028,12
1757,1028,4128
1758,1028,4129
1759,1028,4211
1760,1028,4254
1761,1028,4273
1762,1028,4285
1763,1028,4296
1764,1047,173
1765,1047,263
1766,1047,309
1767,1047,345
1768,1047,370
1769,1047,375
1770,1047,383
1771,1047,583
1772,1047,604
1773,1047,684
1774,1047,725
1775,1047,779
1776,1047,805
1777,1047,889
1778,1047,1106
1779,1047,1118
1780,1047,1182
1781,1047,1306
1782,1047,1415
1783,1047,1535
1784,1047,1651
1785,1047,1661
1786,1047,1682
1787,1047,1775
1788,1047,6
1789,1047,1804
1790,1047,1805
1791,1047,1809
1792,1047,1818
1793,1047,1846
1794,1047,7
1795,1047,1978
1796,1047,1979
1797,1047,2068
1798,1047,11
1799,1047,2125
1800,1047,2168
1801,1047,2268
1802,1047,2289
1803,1047,2402
1804,1047,2435
1805,1047,2438
1806,1047,2451
1807,1047,2456
1808,1047,2506
1809,1047,2576
1810,1047,2584
1811,1047,2618
1812,1047,2636
1813,1047,2773
1814,1047,2815
1815,1047,2829
1816,1047,2875
1817,1047,2889
1818,1047,2919
1819,1047,2922
1820,1047,3025
1821,1047,3038
1822,1047,3114
1823,1047,3135
1824,1047,3166
1825,1047,3179
1826,1047,3198
1827,1047,3440
1828,1047,3466
1829,1047,3526
1830,1047,3721
1831,1047,3779
1832,1047,3849
1833,1047,3914
1834,1047,3945
1835,1047,3961
1836,1047,3973
1837,1047,3989
1838,1047,4063
1839,1047,4104
1840,1047,4143
1841,1047,4249
1842,1047,4282
1843,1031,17
1844,1031,72
1845,1031,85
1846,1031,94
1847,1031,171
1848,1031,184
1849,1031,207
1850,1031,247
1851,1031,251
1852,1031,258
1853,1031,280
1854,1031,287
1855,1031,345
1856,1031,357
1857,1031,373
1858,1031,386
1859,1031,438
1860,1031,1
1861,1031,486
1862,1031,510
1863,1031,523
1864,1031,534
1865,1031,539
1866,1031,573
1867,1031,604
1868,1031,620
1869,1031,2
1870,1031,3
1871,1031,654
1872,1031,736
1873,1031,805
1874,1031,864
1875,1031,873
1876,1031,4
1877,1031,917
1878,1031,933
1879,1031,939
1880,1031,959
1881,1031,960
1882,1031,963
1883,1031,987
1884,1031,990
1885,1031,991
1886,1031,1090
1887,1031,1109
1888,1031,1194
1889,1031,1202
1890,1031,1203
1891,1031,1209
1892,1031,1217
1893,1031,1223
1894,1031,1289
1895,1031,1293
1896,1031,1294
1897,1031,1295
1898,1031,1372
1899,1031,1375
1900,1031,1377
1901,1031,1415
1902,1031,1417
1903,1031,1452
1904,1031,1499
1905,1031,1513
1906,1031,1535
1907,1031,1575
1908,1031,1594
1909,1031,1600
1910,1031,1669
1911,1031,1685
1912,1031,1754
1913,1031,1775
1914,1031,1777
1915,1031,1781
1916,1031,1785
1917,1031,6
1918,1031,1804
1919,1031,1805
1920,1031,1829
1921,1031,1846
1922,1031,1853
1923,1031,1883
1924,1031,7
1925,1031,1910
1926,1031,1940
1927,1031,1956
1928,1031,1978
1929,1031,2055
1930,1031,10
1931,1031,2072
1932,1031,2089
1933,1031,2097
1934,1031,11
1935,1031,2109
1936,1031,2110
1937,1031,2125
1938,1031,2135
1939,1031,2176
1940,1031,2203
1941,1031,2205
1942,1031,2214
1943,1031,2246
1944,1031,2252
1945,1031,2265
1946,1031,2289
1947,1031,2320
1948,1031,2424
1949,1031,2435
1950,1031,2448
1951,1031,2456
1952,1031,2494
1953,1031,2506
1954,1031,2512
1955,1031,2517
1956,1031,2582
1957,1031,2610
1958,1031,2655
1959,1031,2656
1960,1031,2673
1961,1031,2720
1962,1031,2723
1963,1031,2778
1964,1031,2829
1965,1031,2889
1966,1031,2892
1967,1031,2928
1968,1031,3014
1969,1031,3020
1970,1031,3103
1971,1031,3121
1972,1031,3132
1973,1031,3135
1974,1031,3170
1975,1031,3219
1976,1031,3258
1977,1031,3266
1978,1031,3284
1979,1031,3285
1980,1031,3341
1981,1031,3363
1982,1031,3364
1983,1031,3366
1984,1031,3367
1985,1031,3368
1986,1031,3369
1987,1031,3374
1988,1031,3412
1989,1031,3602
1990,1031,3614
1991,1031,3665
1992,1031,3670
1993,1031,3671
1994,1031,3685
1995,1031,3695
1996,1031,3721
1997,1031,3722
1998,1031,3811
1999,1031,3826
2000,1031,3840
2001,1031,3956
2002,1031,3961
2003,1031,3983
2004,1031,3984
2005,1031,4019
2006,1031,4063
2007,1031,12
2008,1031,4091
2009,1031,4092
2010,1031,4104
2011,1031,4135
2012,1031,4254
2013,1031,4266
2014,1031,4280
2015,1031,4288
2016,1031,4298
2017,1035,68
2018,1035,72
2019,1035,100
2020,1035,139
2021,1035,161
2022,1035,168
2023,1035,180
2024,1035,202
2025,1035,206
2026,1035,213
2027,1035,231
2028,1035,235
2029,1035,236
2030,1035,240
2031,1035,285
2032,1035,287
2033,1035,294
2034,1035,299
2035,1035,301
2036,1035,312
2037,1035,314
2038,1035,328
2039,1035,335
2040,1035,336
2041,1035,342
2042,1035,348
2043,1035,357
2044,1035,381
2045,1035,415
2046,1035,444
2047,1035,448
2048,1035,1
2049,1035,481
2050,1035,486
2051,1035,489
2052,1035,493
2053,1035,500
2054,1035,511
2055,1035,521
2056,1035,529
2057,1035,548
2058,1035,563
2059,1035,564
2060,1035,584
2061,1035,610
2062,1035,612
2063,1035,2
2064,1035,3
2065,1035,631
2066,1035,662
2067,1035,665
2068,1035,673
2069,1035,685
2070,1035,686
2071,1035,689
2072,1035,704
2073,1035,724
2074,1035,777
2075,1035,803
2076,1035,804
2077,1035,807
2078,1035,813
2079,1035,829
2080,1035,833
2081,1035,834
2082,1035,846
2083,1035,848
2084,1035,4
2085,1035,908
2086,1035,910
2087,1035,924
2088,1035,939
2089,1035,949
2090,1035,951
2091,1035,952
2092,1035,953
2093,1035,973
2094,1035,990
2095,1035,993
2096,1035,997
2097,1035,1014
2098,1035,1034
2099,1035,1051
2100,1035,1060
2101,1035,1062
2102,1035,1063
2103,1035,1079
2104,1035,1086
2105,1035,1092
2106,1035,1093
2107,1035,1095
2108,1035,1097
2109,1035,1108
2110,1035,1110
2111,1035,1134
2112,1035,1145
2113,1035,1173
2114,1035,1189
2115,1035,1246
2116,1035,1248
2117,1035,1261
2118,1035,1273
2119,1035,1279
2120,1035,1290
2121,1035,1302
2122,1035,1323
2123,1035,1331
2124,1035,1339
2125,1035,1370
2126,1035,1372
2127,1035,1374
2128,1035,1381
2129,1035,1393
2130,1035,1408
2131,1035,1443
2132,1035,1499
2133,1035,1518
2134,1035,1539
2135,1035,1558
2136,1035,1573
2137,1035,1577
2138,1035,1583
2139,1035,1586
2140,1035,1591
2141,1035,1600
2142,1035,1613
2143,1035,1623
2144,1035,1627
2145,1035,1642
2146,1035,1649
2147,1035,1685
2148,1035,1701
2149,1035,1716
2150,1035,1719
2151,1035,1722
2152,1035,1741
2153,1035,1747
2154,1035,1758
2155,1035,1763
2156,1035,1776
2157,1035,6
2158,1035,1802
2159,1035,1849
2160,1035,1853
2161,1035,1859
2162,1035,1888
2163,1035,1889
2164,1035,1892
2165,1035,7
2166,1035,1903
2167,1035,1904
2168,1035,1909
2169,1035,1961
2170,1035,1995
2171,1035,2000
2172,1035,2006
2173,1035,2009
2174,1035,2042
2175,1035,2055
2176,1035,10
2177,1035,2065
2178,1035,2073
2179,1035,11
2180,1035,2108
2181,1035,2120
2182,1035,2126
2183,1035,2130
2184,1035,2140
2185,1035,2163
2186,1035,2176
2187,1035,2203
2188,1035,2214
2189,1035,2236
2190,1035,2248
2191,1035,2267
2192,1035,2269
2193,1035,2295
2194,1035,2319
2195,1035,2329
2196,1035,2429
2197,1035,2433
2198,1035,2440
2199,1035,2452
2200,1035,2469
2201,1035,2477
2202,1035,2484
2203,1035,2511
2204,1035,2543
2205,1035,2550
2206,1035,2561
2207,1035,2570
2208,1035,2601
2209,1035,2650
2210,1035,2651
2211,1035,2655
2212,1035,2660
2213,1035,2696
2214,1035,2705
2215,1035,2759
2216,1035,2761
2217,1035,2777
2218,1035,2786
2219,1035,2791
2220,1035,2793
2221,1035,2825
2222,1035,2827
2223,1035,2852
2224,1035,2856
2225,1035,2862
2226,1035,2880
2227,1035,2892
2228,1035,2899
2229,1035,2905
2230,1035,2907
2231,1035,2916
2232,1035,2934
2233,1035,2935
2234,1035,2946
2235,1035,2947
2236,1035,2953
2237,1035,2962
2238,1035,2966
2239,1035,2984
2240,1035,2985
2241,1035,2986
2242,1035,3016
2243,1035,3022
2244,1035,3032
2245,1035,3043
2246,1035,3056
2247,1035,3063
2248,1035,3126
2249,1035,3130
2250,1035,3146
2251,1035,3150
2252,1035,3171
2253,1035,3202
2254,1035,3203
2255,1035,3206
2256,1035,3226
2257,1035,3236
2258,1035,3237
2259,1035,3242
2260,1035,3247
2261,1035,3266
2262,1035,3283
2263,1035,3292
2264,1035,3304
2265,1035,3341
2266,1035,3344
2267,1035,3348
2268,1035,3425
2269,1035,3428
2270,1035,3435
2271,1035,3515
2272,1035,3562
2273,1035,3622
2274,1035,3671
2275,1035,3674
2276,1035,3679
2277,1035,3688
2278,1035,3721
2279,1035,3727
2280,1035,3734
2281,1035,3743
2282,1035,3775
2283,1035,3777
2284,1035,3790
2285,1035,3792
2286,1035,3793
2287,1035,3794
2288,1035,3795
2289,1035,3796
2290,1035,3798
2291,1035,3799
2292,1035,3800
2293,1035,3814
2294,1035,3824
2295,1035,3886
2296,1035,3887
2297,1035,3910
2298,1035,3917
2299,1035,3942
2300,1035,3960
2301,1035,3982
2302,1035,3984
2303,1035,3992
2304,1035,4017
2305,1035,4022
2306,1035,4037
2307,1035,4040
2308,1035,4042
2309,1035,4045
2310,1035,12
2311,1035,4091
2312,1035,4107
2313,1035,4112
2314,1035,4123
2315,1035,4143
2316,1035,4144
2317,1035,4155
2318,1035,4156
2319,1035,4174
2320,1035,4183
2321,1035,4185
2322,1035,4191
2323,1035,4197
2324,1035,4204
2325,1035,4225
2326,1035,4226
2327,1035,4228
2328,1035,4230
2329,1035,4231
2330,1035,4254
2331,1035,4266
2332,1035,4267
2333,1035,4268
2334,1035,4293
2335,31568,123
2336,31568,406
2337,31568,586
2338,31568,810
2339,31568,941
2340,31568,1013
2341,31568,1030
2342,31568,1312
2343,31568,1317
2344,31568,1363
2345,31568,1364
2346,31568,1425
2347,31568,1441
2348,31568,1532
2349,31568,1599
2350,31568,1634
2351,31568,1635
2352,31568,1828
2353,31568,2146
2354,31568,2282
2355,31568,2309
2356,31568,2369
2357,31568,2505
2358,31568,2516
2359,31568,2573
2360,31568,2605
2361,31568,2732
2362,31568,2945
2363,31568,3111
2364,31568,3382
2365,31568,3611
2366,31568,3624
2367,31568,3716
2368,31568,3757
2369,31568,3758
2370,31568,3759
2371,31568,3761
2372,31568,3774
2373,31568,3825
2374,31568,4038
2375,31568,4104
2376,1040,72
2377,1040,77
2378,1040,87
2379,1040,90
2380,1040,109
2381,1040,121
2382,1040,128
2383,1040,132
2384,1040,139
2385,1040,163
2386,1040,169
2387,1040,188
2388,1040,227
2389,1040,245
2390,1040,252
2391,1040,254
2392,1040,263
2393,1040,269
2394,1040,270
2395,1040,274
2396,1040,292
2397,1040,300
2398,1040,305
2399,1040,322
2400,1040,330
2401,1040,357
2402,1040,361
2403,1040,366
2404,1040,374
2405,1040,389
2406,1040,410
2407,1040,414
2408,1040,445
2409,1040,446
2410,1040,451
2411,1040,1
2412,1040,460
2413,1040,480
2414,1040,488
2415,1040,492
2416,1040,494
2417,1040,502
2418,1040,506
2419,1040,516
2420,1040,532
2421,1040,557
2422,1040,568
2423,1040,608
2424,1040,609
2425,1040,2
2426,1040,628
2427,1040,3
2428,1040,641
2429,1040,653
2430,1040,663
2431,1040,664
2432,1040,679
2433,1040,687
2434,1040,700
2435,1040,702
2436,1040,721
2437,1040,740
2438,1040,742
2439,1040,756
2440,1040,816
2441,1040,832
2442,1040,843
2443,1040,844
2444,1040,846
2445,1040,854
2446,1040,864
2447,1040,881
2448,1040,887
2449,1040,4
2450,1040,925
2451,1040,932
2452,1040,956
2453,1040,959
2454,1040,965
2455,1040,967
2456,1040,986
2457,1040,990
2458,1040,991
2459,1040,1005
2460,1040,1024
2461,1040,1076
2462,1040,1083
2463,1040,1089
2464,1040,1101
2465,1040,1123
2466,1040,1144
2467,1040,1169
2468,1040,1172
2469,1040,1176
2470,1040,1177
2471,1040,1180
2472,1040,1182
2473,1040,1184
2474,1040,1206
2475,1040,1209
2476,1040,1217
2477,1040,1253
2478,1040,1258
2479,1040,1259
2480,1040,1281
2481,1040,1282
2482,1040,1283
2483,1040,1287
2484,1040,1292
2485,1040,1305
2486,1040,1315
2487,1040,1330
2488,1040,1358
2489,1040,1371
2490,1040,1385
2491,1040,1407
2492,1040,1415
2493,1040,5
2494,1040,1449
2495,1040,1452
2496,1040,1461
2497,1040,1466
2498,1040,1470
2499,1040,1478
2500,1040,1486
2501,1040,1499
2502,1040,1520
2503,1040,1538
2504,1040,1544
2505,1040,1562
2506,1040,1575
2507,1040,1577
2508,1040,1592
2509,1040,1593
2510,1040,1601
2511,1040,1605
2512,1040,1606
2513,1040,1621
2514,1040,1643
2515,1040,1644
2516,1040,1655
2517,1040,1662
2518,1040,1682
2519,1040,1685
2520,1040,1702
2521,1040,1709
2522,1040,1743
2523,1040,1753
2524,1040,1765
2525,1040,1770
2526,1040,1784
2527,1040,1787
2528,1040,6
2529,1040,1809
2530,1040,1822
2531,1040,1831
2532,1040,1837
2533,1040,1846
2534,1040,1865
2535,1040,1876
2536,1040,7
2537,1040,1906
2538,1040,8
2539,1040,1919
2540,1040,1921
2541,1040,1945
2542,1040,1960
2543,1040,1961
2544,1040,1974
2545,1040,2008
2546,1040,10
2547,1040,2066
2548,1040,2069
2549,1040,2078
2550,1040,2079
2551,1040,2095
2552,1040,2110
2553,1040,2122
2554,1040,2156
2555,1040,2167
2556,1040,2176
2557,1040,2180
2558,1040,2181
2559,1040,2182
2560,1040,2184
2561,1040,2186
2562,1040,2187
2563,1040,2197
2564,1040,2206
2565,1040,2214
2566,1040,2224
2567,1040,2229
2568,1040,2235
2569,1040,2246
2570,1040,2256
2571,1040,2263
2572,1040,2267
2573,1040,2289
2574,1040,2291
2575,1040,2298
2576,1040,2306
2577,1040,2328
2578,1040,2329
2579,1040,2332
2580,1040,2340
2581,1040,2348
2582,1040,2350
2583,1040,2354
2584,1040,2367
2585,1040,2370
2586,1040,2374
2587,1040,2395
2588,1040,2432
2589,1040,2434
2590,1040,2451
2591,1040,2462
2592,1040,2506
2593,1040,2525
2594,1040,2526
2595,1040,2529
2596,1040,2530
2597,1040,2538
2598,1040,2542
2599,1040,2550
2600,1040,2560
2601,1040,2588
2602,1040,2602
2603,1040,2610
2604,1040,2621
2605,1040,2626
2606,1040,2627
2607,1040,2634
2608,1040,2655
2609,1040,2658
2610,1040,2663
2611,1040,2665
2612,1040,2673
2613,1040,2677
2614,1040,2679
2615,1040,2680
2616,1040,2692
2617,1040,2711
2618,1040,2715
2619,1040,2721
2620,1040,2723
2621,1040,2727
2622,1040,2735
2623,1040,2746
2624,1040,2747
2625,1040,2748
2626,1040,2749
2627,1040,2750
2628,1040,2753
2629,1040,2762
2630,1040,2770
2631,1040,2784
2632,1040,2792
2633,1040,2793
2634,1040,2794
2635,1040,2815
2636,1040,2819
2637,1040,2855
2638,1040,2884
2639,1040,2885
2640,1040,2887
2641,1040,2889
2642,1040,2900
2643,1040,2921
2644,1040,2943
2645,1040,2955
2646,1040,2963
2647,1040,2965
2648,1040,2967
2649,1040,3003
2650,1040,3046
2651,1040,3053
2652,1040,3058
2653,1040,3065
2654,1040,3066
2655,1040,3077
2656,1040,3121
2657,1040,3134
2658,1040,3136
2659,1040,3140
2660,1040,3142
2661,1040,3196
2662,1040,3212
2663,1040,3229
2664,1040,3233
2665,1040,3248
2666,1040,3251
2667,1040,3259
2668,1040,3263
2669,1040,3266
2670,1040,3285
2671,1040,3327
2672,1040,3336
2673,1040,3339
2674,1040,3341
2675,1040,3371
2676,1040,3374
2677,1040,3407
2678,1040,3413
2679,1040,3419
2680,1040,3422
2681,1040,3431
2682,1040,3434
2683,1040,3436
2684,1040,3437
2685,1040,3444
2686,1040,3446
2687,1040,3458
2688,1040,3459
2689,1040,3462
2690,1040,3464
2691,1040,3509
2692,1040,3554
2693,1040,3555
2694,1040,3571
2695,1040,3573
2696,1040,3602
2697,1040,3606
2698,1040,3614
2699,1040,3630
2700,1040,3666
2701,1040,3667
2702,1040,3668
2703,1040,3688
2704,1040,3689
2705,1040,3694
2706,1040,3697
2707,1040,3698
2708,1040,3703
2709,1040,3720
2710,1040,3721
2711,1040,3728
2712,1040,3749
2713,1040,3771
2714,1040,3819
2715,1040,3822
2716,1040,3831
2717,1040,3835
2718,1040,3838
2719,1040,3863
2720,1040,3866
2721,1040,3871
2722,1040,3881
2723,1040,3928
2724,1040,3930
2725,1040,3931
2726,1040,3940
2727,1040,3941
2728,1040,3961
2729,1040,3965
2730,1040,3971
2731,1040,3984
2732,1040,3987
2733,1040,3995
2734,1040,4000
2735,1040,4005
2736,1040,4021
2737,1040,4022
2738,1040,4047
2739,1040,4048
2740,1040,4051
2741,1040,4053
2742,1040,4071
2743,1040,4072
2744,1040,4079
2745,1040,4104
2746,1040,4105
2747,1040,4108
2748,1040,4119
2749,1040,4142
2750,1040,4161
2751,1040,4180
2752,1040,4188
2753,1040,4194
2754,1040,4206
2755,1040,4219
2756,1040,4226
2757,1040,4233
2758,1040,4237
2759,1040,4245
2760,1040,4254
2761,1040,4260
2762,1040,4261
2763,1040,4266
2764,1040,4290
2765,1040,4291
2766,1040,4292
2767,1040,4298
2768,1040,4299
2769,1045,123
2770,1045,166
2771,1045,170
2772,1045,195
2773,1045,248
2774,1045,275
2775,1045,1
2776,1045,480
2777,1045,590
2778,1045,681
2779,1045,732
2780,1045,909
2781,1045,990
2782,1045,1219
2783,1045,1359
2784,1045,1425
2785,1045,5
2786,1045,1436
2787,1045,1472
2788,1045,1504
2789,1045,1513
2790,1045,1679
2791,1045,1822
2792,1045,7
2793,1045,8
2794,1045,2148
2795,1045,2196
2796,1045,2308
2797,1045,2437
2798,1045,2592
2799,1045,2594
2800,1045,2599
2801,1045,2632
2802,1045,2933
2803,1045,2942
2804,1045,2982
2805,1045,2988
2806,1045,3083
2807,1045,3447
2808,1045,3692
2809,1045,3721
2810,1045,3767
2811,1045,3833
2812,1045,3897
2813,1045,3961
2814,1045,3984
2815,1045,4044
2816,1045,4104
2817,1045,4114
2818,1045,4118
2819,1045,4266
2820,1046,123
2821,1046,291
2822,1046,357
2823,1046,364
2824,1046,371
2825,1046,1
2826,1046,2
2827,1046,3
2828,1046,4
2829,1046,909
2830,1046,973
2831,1046,1061
2832,1046,1190
2833,1046,1285
2834,1046,1293
2835,1046,1327
2836,1046,1352
2837,1046,1415
2838,1046,1660
2839,1046,1669
2840,1046,1744
2841,1046,1775
2842,1046,1822
2843,1046,1831
2844,1046,7
2845,1046,1944
2846,1046,2026
2847,1046,10
2848,1046,2079
2849,1046,11
2850,1046,2133
2851,1046,2164
2852,1046,2214
2853,1046,2310
2854,1046,2329
2855,1046,2367
2856,1046,2435
2857,1046,2655
2858,1046,3121
2859,1046,3266
2860,1046,3321
2861,1046,3685
2862,1046,3721
2863,1046,3740
2864,1046,3984
2865,1046,4039
2866,1046,12
2867,1046,4180
2868,1046,4184
2869,1046,4254
2870,1046,4266
2871,1050,22
2872,1050,23
2873,1050,34
2874,1050,56
2875,1050,81
2876,1050,127
2877,1050,164
2878,1050,197
2879,1050,198
2880,1050,223
2881,1050,228
2882,1050,231
2883,1050,240
2884,1050,248
2885,1050,325
2886,1050,342
2887,1050,357
2888,1050,360
2889,1050,443
2890,1050,1
2891,1050,466
2892,1050,503
2893,1050,518
2894,1050,522
2895,1050,539
2896,1050,570
2897,1050,579
2898,1050,580
2899,1050,585
2900,1050,3
2901,1050,648
2902,1050,684
2903,1050,706
2904,1050,708
2905,1050,737
2906,1050,800
2907,1050,843
2908,1050,846
2909,1050,856
2910,1050,971
2911,1050,973
2912,1050,990
2913,1050,1002
2914,1050,1030
2915,1050,1059
2916,1050,1070
2917,1050,1098
2918,1050,1120
2919,1050,1122
2920,1050,1128
2921,1050,1131
2922,1050,1161
2923,1050,1191
2924,1050,1192
2925,1050,1239
2926,1050,1251
2927,1050,1270
2928,1050,1308
2929,1050,1380
2930,1050,1395
2931,1050,1419
2932,1050,1429
2933,1050,1453
2934,1050,1474
2935,1050,1489
2936,1050,1498
2937,1050,1558
2938,1050,1663
2939,1050,1697
2940,1050,1698
2941,1050,1708
2942,1050,1766
2943,1050,1784
2944,1050,1795
2945,1050,1825
2946,1050,7
2947,1050,1935
2948,1050,1957
2949,1050,1993
2950,1050,2006
2951,1050,2052
2952,1050,2086
2953,1050,2091
2954,1050,2093
2955,1050,2096
2956,1050,2129
2957,1050,2146
2958,1050,2198
2959,1050,2291
2960,1050,2296
2961,1050,2318
2962,1050,2340
2963,1050,2357
2964,1050,2401
2965,1050,2473
2966,1050,2489
2967,1050,2493
2968,1050,2513
2969,1050,2544
2970,1050,2557
2971,1050,2587
2972,1050,2592
2973,1050,2616
2974,1050,2630
2975,1050,2646
2976,1050,2662
2977,1050,2690
2978,1050,2729
2979,1050,2767
2980,1050,2785
2981,1050,2805
2982,1050,2815
2983,1050,2874
2984,1050,2876
2985,1050,2891
2986,1050,2966
2987,1050,2971
2988,1050,2995
2989,1050,3024
2990,1050,3029
2991,1050,3037
2992,1050,3071
2993,1050,3093
2994,1050,3105
2995,1050,3125
2996,1050,3143
2997,1050,3148
2998,1050,3149
2999,1050,3157
3000,1050,3191
3001,1050,3214
3002,1050,3296
3003,1050,3325
3004,1050,3354
3005,1050,3390
3006,1050,3391
3007,1050,3392
3008,1050,3409
3009,1050,3417
3010,1050,3449
3011,1050,3460
3012,1050,3521
3013,1050,3522
3014,1050,3641
3015,1050,3643
3016,1050,3672
3017,1050,3677
3018,1050,3679
3019,1050,3683
3020,1050,3689
3021,1050,3702
3022,1050,3721
3023,1050,3732
3024,1050,3797
3025,1050,3815
3026,1050,3838
3027,1050,3844
3028,1050,3845
3029,1050,3885
3030,1050,3913
3031,1050,3919
3032,1050,3929
3033,1050,3974
3034,1050,3983
3035,1050,3984
3036,1050,4006
3037,1050,4007
3038,1050,4008
3039,1050,4009
3040,1050,4010
3041,1050,4011
3042,1050,4012
3043,1050,4026
3044,1050,4045
3045,1050,4080
3046,1050,4087
3047,1050,4109
3048,1050,4114
3049,1050,4148
3050,1050,4157
3051,1050,4182
3052,1050,4201
3053,1048,121
3054,1048,245
3055,1048,265
3056,1048,271
3057,1048,318
3058,1048,357
3059,1048,437
3060,1048,531
3061,1048,2
3062,1048,3
3063,1048,664
3064,1048,724
3065,1048,4
3066,1048,990
3067,1048,1021
3068,1048,1028
3069,1048,1293
3070,1048,1295
3071,1048,1357
3072,1048,1387
3073,1048,1550
3074,1048,1575
3075,1048,1630
3076,1048,1742
3077,1048,6
3078,1048,10
3079,1048,2152
3080,1048,2153
3081,1048,2214
3082,1048,2310
3083,1048,2384
3084,1048,2403
3085,1048,2492
3086,1048,2506
3087,1048,2655
3088,1048,2683
3089,1048,2723
3090,1048,2993
3091,1048,3065
3092,1048,3212
3093,1048,3266
3094,1048,3321
3095,1048,3338
3096,1048,3374
3097,1048,3396
3098,1048,3420
3099,1048,3697
3100,1048,3905
3101,1048,3961
3102,1048,3984
3103,1048,12
3104,1048,4102
3105,1048,4144
3106,1048,4254
3107,1048,4255
3108,1048,4298
3109,1049,206
3110,1049,238
3111,1049,248
3112,1049,271
3113,1049,326
3114,1049,357
3115,1049,383
3116,1049,2
3117,1049,3
3118,1049,743
3119,1049,846
3120,1049,4
3121,1049,939
3122,1049,944
3123,1049,990
3124,1049,992
3125,1049,1021
3126,1049,1120
3127,1049,1181
3128,1049,1199
3129,1049,1200
3130,1049,1271
3131,1049,1328
3132,1049,1620
3133,1049,1685
3134,1049,1712
3135,1049,1775
3136,1049,6
3137,1049,1831
3138,1049,7
3139,1049,2029
3140,1049,10
3141,1049,2176
3142,1049,2290
3143,1049,2562
3144,1049,2572
3145,1049,2586
3146,1049,2723
3147,1049,2845
3148,1049,3075
3149,1049,3183
3150,1049,3265
3151,1049,3358
3152,1049,3374
3153,1049,3677
3154,1049,3721
3155,1049,3824
3156,1049,3984
3157,1049,4081
3158,1049,12
3159,1049,4107
3160,1049,4141
3161,1049,4254
3162,152000,33
3163,152000,35
3164,152000,44
3165,152000,92
3166,152000,93
3167,152000,102
3168,152000,104
3169,152000,106
3170,152000,118
3171,152000,122
3172,152000,137
3173,152000,152
3174,152000,159
3175,152000,182
3176,152000,190
3177,152000,209
3178,152000,211
3179,152000,239
3180,152000,248
3181,152000,279
3182,152000,293
3183,152000,295
3184,152000,356
3185,152000,363
3186,152000,390
3187,152000,418
3188,152000,427
3189,152000,442
3190,152000,472
3191,152000,475
3192,152000,480
3193,152000,483
3194,152000,490
3195,152000,530
3196,152000,540
3197,152000,571
3198,152000,572
3199,152000,581
3200,152000,582
3201,152000,591
3202,152000,596
3203,152000,602
3204,152000,606
3205,152000,625
3206,152000,3
3207,152000,632
3208,152000,642
3209,152000,664
3210,152000,672
3211,152000,674
3212,152000,681
3213,152000,694
3214,152000,724
3215,152000,727
3216,152000,729
3217,152000,738
3218,152000,739
3219,152000,766
3220,152000,771
3221,152000,773
3222,152000,783
3223,152000,801
3224,152000,810
3225,152000,812
3226,152000,817
3227,152000,828
3228,152000,837
3229,152000,846
3230,152000,851
3231,152000,866
3232,152000,879
3233,152000,902
3234,152000,903
3235,152000,4
3236,152000,929
3237,152000,934
3238,152000,936
3239,152000,943
3240,152000,962
3241,152000,972
3242,152000,988
3243,152000,1015
3244,152000,1017
3245,152000,1020
3246,152000,1022
3247,152000,1026
3248,152000,1050
3249,152000,1085
3250,152000,1087
3251,152000,1088
3252,152000,1142
3253,152000,1154
3254,152000,1159
3255,152000,1160
3256,152000,1163
3257,152000,1165
3258,152000,1166
3259,152000,1168
3260,152000,1195
3261,152000,1205
3262,152000,1222
3263,152000,1230
3264,152000,1243
3265,152000,1249
3266,152000,1257
3267,152000,1276
3268,152000,1308
3269,152000,1310
3270,152000,1319
3271,152000,1326
3272,152000,1328
3273,152000,1332
3274,152000,1341
3275,152000,1348
3276,152000,1397
3277,152000,1401
3278,152000,1409
3279,152000,1414
3280,152000,1420
3281,152000,1469
3282,152000,1479
3283,152000,1480
3284,152000,1516
3285,152000,1549
3286,152000,1551
3287,152000,1552
3288,152000,1555
3289,152000,1556
3290,152000,1568
3291,152000,1576
3292,152000,1582
3293,152000,1661
3294,152000,1672
3295,152000,1724
3296,152000,1725
3297,152000,1738
3298,152000,1757
3299,152000,1768
3300,152000,1797
3301,152000,1800
3302,152000,1822
3303,152000,1831
3304,152000,1851
3305,152000,1872
3306,152000,1901
3307,152000,1905
3308,152000,1911
3309,152000,1913
3310,152000,1936
3311,152000,1950
3312,152000,1987
3313,152000,1997
3314,152000,2003
3315,152000,2011
3316,152000,2017
3317,152000,2021
3318,152000,2054
3319,152000,2070
3320,152000,2134
3321,152000,2163
3322,152000,2166
3323,152000,2175
3324,152000,2227
3325,152000,2243
3326,152000,2262
3327,152000,2280
3328,152000,2308
3329,152000,2322
3330,152000,2398
3331,152000,2420
3332,152000,2425
3333,152000,2447
3334,152000,2453
3335,152000,2454
3336,152000,2471
3337,152000,2472
3338,152000,2478
3339,152000,2506
3340,152000,2508
3341,152000,2510
3342,152000,2532
3343,152000,2558
3344,152000,2567
3345,152000,2575
3346,152000,2580
3347,152000,2615
3348,152000,2629
3349,152000,2633
3350,152000,2639
3351,152000,2642
3352,152000,2659
3353,152000,2698
3354,152000,2706
3355,152000,2707
3356,152000,2710
3357,152000,2713
3358,152000,2716
3359,152000,2718
3360,152000,2728
3361,152000,2736
3362,152000,2737
3363,152000,2752
3364,152000,2769
3365,152000,2796
3366,152000,2802
3367,152000,2803
3368,152000,2804
3369,152000,2810
3370,152000,2813
3371,152000,2818
3372,152000,2832
3373,152000,2846
3374,152000,2855
3375,152000,2860
3376,152000,2864
3377,152000,2866
3378,152000,2883
3379,152000,2920
3380,152000,2949
3381,152000,2957
3382,152000,2968
3383,152000,2977
3384,152000,2993
3385,152000,3002
3386,152000,3015
3387,152000,3036
3388,152000,3073
3389,152000,3079
3390,152000,3080
3391,152000,3092
3392,152000,3106
3393,152000,3108
3394,152000,3128
3395,152000,3180
3396,152000,3189
3397,152000,3192
3398,152000,3193
3399,152000,3204
3400,152000,3216
3401,152000,3227
3402,152000,3240
3403,152000,3265
3404,152000,3269
3405,152000,3274
3406,152000,3293
3407,152000,3299
3408,152000,3310
3409,152000,3335
3410,152000,3342
3411,152000,3350
3412,152000,3351
3413,152000,3360
3414,152000,3361
3415,152000,3362
3416,152000,3383
3417,152000,3385
3418,152000,3403
3419,152000,3426
3420,152000,3427
3421,152000,3438
3422,152000,3447
3423,152000,3448
3424,152000,3451
3425,152000,3452
3426,152000,3453
3427,152000,3454
3428,152000,3455
3429,152000,3467
3430,152000,3473
3431,152000,3484
3432,152000,3490
3433,152000,3506
3434,152000,3508
3435,152000,3512
3436,152000,3513
3437,152000,3516
3438,152000,3551
3439,152000,3561
3440,152000,3566
3441,152000,3567
3442,152000,3592
3443,152000,3595
3444,152000,3596
3445,152000,3608
3446,152000,3625
3447,152000,3644
3448,152000,3653
3449,152000,3654
3450,152000,3655
3451,152000,3687
3452,152000,3688
3453,152000,3690
3454,152000,3707
3455,152000,3717
3456,152000,3735
3457,152000,3747
3458,152000,3753
3459,152000,3785
3460,152000,3804
3461,152000,3829
3462,152000,3832
3463,152000,3847
3464,152000,3895
3465,152000,3909
3466,152000,3922
3467,152000,3927
3468,152000,3934
3469,152000,3946
3470,152000,3957
3471,152000,3963
3472,152000,3975
3473,152000,3978
3474,152000,3979
3475,152000,3994
3476,152000,4012
3477,152000,4020
3478,152000,4046
3479,152000,4052
3480,152000,4106
3481,152000,4115
3482,152000,4119
3483,152000,4126
3484,152000,4129
3485,152000,4130
3486,152000,4136
3487,152000,4140
3488,152000,4146
3489,152000,4158
3490,152000,4164
3491,152000,4186
3492,152000,4201
3493,152000,4224
3494,152000,4240
3495,152000,4241
3496,152000,4250
3497,152000,4284
3498,152000,4297
3499,1051,2
3500,1051,3
3501,1051,660
3502,1051,806
3503,1051,882
3504,1051,4
3505,1051,915
3506,1051,978
3507,1051,1295
3508,1051,10
3509,1051,2176
3510,1051,2416
3511,1051,2550
3512,1051,2809
3513,1051,3152
3514,1051,3279
3515,1051,3374
3516,1051,3430
3517,1051,3618
3518,1051,4066
3519,1051,12
3520,1051,4238
3521,1051,4258
3522,153000,18
3523,153000,20
3524,153000,24
3525,153000,25
3526,153000,43
3527,153000,54
3528,153000,66
3529,153000,78
3530,153000,85
3531,153000,97
3532,153000,105
3533,153000,112
3534,153000,121
3535,153000,122
3536,153000,123
3537,153000,136
3538,153000,138
3539,153000,141
3540,153000,174
3541,153000,194
3542,153000,204
3543,153000,212
3544,153000,229
3545,153000,230
3546,153000,248
3547,153000,257
3548,153000,273
3549,153000,275
3550,153000,289
3551,153000,297
3552,153000,315
3553,153000,321
3554,153000,324
3555,153000,325
3556,153000,328
3557,153000,339
3558,153000,380
3559,153000,391
3560,153000,429
3561,153000,449
3562,153000,458
3563,153000,477
3564,153000,497
3565,153000,501
3566,153000,507
3567,153000,527
3568,153000,603
3569,153000,615
3570,153000,2
3571,153000,3
3572,153000,630
3573,153000,655
3574,153000,656
3575,153000,665
3576,153000,669
3577,153000,681
3578,153000,699
3579,153000,705
3580,153000,722
3581,153000,732
3582,153000,752
3583,153000,763
3584,153000,786
3585,153000,809
3586,153000,829
3587,153000,837
3588,153000,838
3589,153000,864
3590,153000,865
3591,153000,866
3592,153000,872
3593,153000,876
3594,153000,891
3595,153000,892
3596,153000,895
3597,153000,4
3598,153000,909
3599,153000,915
3600,153000,916
3601,153000,924
3602,153000,927
3603,153000,934
3604,153000,936
3605,153000,940
3606,153000,941
3607,153000,979
3608,153000,990
3609,153000,994
3610,153000,1014
3611,153000,1034
3612,153000,1053
3613,153000,1054
3614,153000,1060
3615,153000,1068
3616,153000,1071
3617,153000,1092
3618,153000,1093
3619,153000,1129
3620,153000,1130
3621,153000,1139
3622,153000,1141
3623,153000,1146
3624,153000,1147
3625,153000,1149
3626,153000,1152
3627,153000,1162
3628,153000,1164
3629,153000,1167
3630,153000,1207
3631,153000,1219
3632,153000,1225
3633,153000,1241
3634,153000,1286
3635,153000,1296
3636,153000,1299
3637,153000,1325
3638,153000,1327
3639,153000,1337
3640,153000,1359
3641,153000,1394
3642,153000,1409
3643,153000,1413
3644,153000,1422
3645,153000,1425
3646,153000,1428
3647,153000,1431
3648,153000,1432
3649,153000,1434
3650,153000,1437
3651,153000,1438
3652,153000,1439
3653,153000,1440
3654,153000,1442
3655,153000,1448
3656,153000,1455
3657,153000,1460
3658,153000,1475
3659,153000,1515
3660,153000,1545
3661,153000,1588
3662,153000,1616
3663,153000,1633
3664,153000,1657
3665,153000,1658
3666,153000,1679
3667,153000,1680
3668,153000,1681
3669,153000,1683
3670,153000,1688
3671,153000,1690
3672,153000,1693
3673,153000,1710
3674,153000,1718
3675,153000,1721
3676,153000,1729
3677,153000,1759
3678,153000,6
3679,153000,1801
3680,153000,1803
3681,153000,1822
3682,153000,1824
3683,153000,1831
3684,153000,1861
3685,153000,1864
3686,153000,1866
3687,153000,7
3688,153000,1901
3689,153000,1907
3690,153000,1929
3691,153000,1964
3692,153000,1965
3693,153000,1978
3694,153000,1980
3695,153000,1983
3696,153000,1984
3697,153000,2027
3698,153000,2032
3699,153000,2060
3700,153000,11
3701,153000,2105
3702,153000,2115
3703,153000,2162
3704,153000,2169
3705,153000,2179
3706,153000,2190
3707,153000,2191
3708,153000,2195
3709,153000,2210
3710,153000,2211
3711,153000,2238
3712,153000,2239
3713,153000,2276
3714,153000,2288
3715,153000,2301
3716,153000,2302
3717,153000,2303
3718,153000,2308
3719,153000,2315
3720,153000,2316
3721,153000,2322
3722,153000,2323
3723,153000,2336
3724,153000,2342
3725,153000,2352
3726,153000,2359
3727,153000,2364
3728,153000,2415
3729,153000,2419
3730,153000,2428
3731,153000,2437
3732,153000,2439
3733,153000,2442
3734,153000,2455
3735,153000,2468
3736,153000,2488
3737,153000,2489
3738,153000,2505
3739,153000,2506
3740,153000,2516
3741,153000,2554
3742,153000,2555
3743,153000,2563
3744,153000,2575
3745,153000,2590
3746,153000,2592
3747,153000,2598
3748,153000,2599
3749,153000,2612
3750,153000,2654
3751,153000,2667
3752,153000,2668
3753,153000,2684
3754,153000,2696
3755,153000,2714
3756,153000,2743
3757,153000,2744
3758,153000,2752
3759,153000,2758
3760,153000,2761
3761,153000,2831
3762,153000,2841
3763,153000,2844
3764,153000,2849
3765,153000,2858
3766,153000,2864
3767,153000,2886
3768,153000,2889
3769,153000,2895
3770,153000,2901
3771,153000,2924
3772,153000,2929
3773,153000,2931
3774,153000,2932
3775,153000,2936
3776,153000,2938
3777,153000,2939
3778,153000,2942
3779,153000,2943
3780,153000,2979
3781,153000,3003
3782,153000,3052
3783,153000,3110
3784,153000,3121
3785,153000,3138
3786,153000,3189
3787,153000,3205
3788,153000,3219
3789,153000,3281
3790,153000,3307
3791,153000,3323
3792,153000,3353
3793,153000,3379
3794,153000,3395
3795,153000,3403
3796,153000,3424
3797,153000,3468
3798,153000,3473
3799,153000,3474
3800,153000,3491
3801,153000,3500
3802,153000,3503
3803,153000,3531
3804,153000,3536
3805,153000,3559
3806,153000,3566
3807,153000,3609
3808,153000,3618
3809,153000,3627
3810,153000,3631
3811,153000,3633
3812,153000,3645
3813,153000,3651
3814,153000,3652
3815,153000,3663
3816,153000,3692
3817,153000,3705
3818,153000,3721
3819,153000,3762
3820,153000,3768
3821,153000,3773
3822,153000,3788
3823,153000,3804
3824,153000,3827
3825,153000,3850
3826,153000,3897
3827,153000,3900
3828,153000,3903
3829,153000,3916
3830,153000,3921
3831,153000,3962
3832,153000,3968
3833,153000,3976
3834,153000,3981
3835,153000,3983
3836,153000,3984
3837,153000,3990
3838,153000,3991
3839,153000,4003
3840,153000,4032
3841,153000,4074
3842,153000,4076
3843,153000,4089
3844,153000,12
3845,153000,4090
3846,153000,4104
3847,153000,4112
3848,153000,4114
3849,153000,4121
3850,153000,4130
3851,153000,4140
3852,153000,4171
3853,153000,4177
3854,153000,4205
3855,153000,4209
3856,153000,4247
3857,153000,4256
3858,153000,4262
3859,153000,4263
3860,153000,4264
3861,153000,4266
3862,153000,4279
3863,1052,31
3864,1052,39
3865,1052,48
3866,1052,72
3867,1052,75
3868,1052,89
3869,1052,158
3870,1052,162
3871,1052,177
3872,1052,218
3873,1052,221
3874,1052,248
3875,1052,260
3876,1052,262
3877,1052,297
3878,1052,322
3879,1052,325
3880,1052,329
3881,1052,334
3882,1052,339
3883,1052,352
3884,1052,358
3885,1052,384
3886,1052,430
3887,1052,470
3888,1052,562
3889,1052,564
3890,1052,601
3891,1052,3
3892,1052,657
3893,1052,660
3894,1052,699
3895,1052,715
3896,1052,750
3897,1052,766
3898,1052,780
3899,1052,799
3900,1052,802
3901,1052,818
3902,1052,837
3903,1052,846
3904,1052,848
3905,1052,860
3906,1052,861
3907,1052,884
3908,1052,4
3909,1052,1012
3910,1052,1034
3911,1052,1052
3912,1052,1086
3913,1052,1154
3914,1052,1193
3915,1052,1250
3916,1052,1311
3917,1052,1319
3918,1052,1321
3919,1052,1323
3920,1052,1327
3921,1052,1366
3922,1052,1397
3923,1052,1401
3924,1052,1409
3925,1052,1425
3926,1052,1440
3927,1052,1465
3928,1052,1469
3929,1052,1481
3930,1052,1492
3931,1052,1495
3932,1052,1527
3933,1052,1541
3934,1052,1584
3935,1052,1628
3936,1052,1670
3937,1052,1705
3938,1052,1718
3939,1052,1721
3940,1052,1737
3941,1052,1745
3942,1052,1748
3943,1052,1755
3944,1052,1796
3945,1052,1797
3946,1052,1822
3947,1052,1850
3948,1052,1880
3949,1052,1948
3950,1052,1975
3951,1052,2005
3952,1052,2037
3953,1052,2071
3954,1052,2081
3955,1052,2082
3956,1052,2094
3957,1052,2126
3958,1052,2193
3959,1052,2210
3960,1052,2254
3961,1052,2281
3962,1052,2308
3963,1052,2373
3964,1052,2377
3965,1052,2382
3966,1052,2421
3967,1052,2425
3968,1052,2463
3969,1052,2503
3970,1052,2505
3971,1052,2516
3972,1052,2524
3973,1052,2528
3974,1052,2545
3975,1052,2551
3976,1052,2564
3977,1052,2578
3978,1052,2592
3979,1052,2609
3980,1052,2610
3981,1052,2617
3982,1052,2628
3983,1052,2629
3984,1052,2631
3985,1052,2648
3986,1052,2669
3987,1052,2696
3988,1052,2719
3989,1052,2734
3990,1052,2738
3991,1052,2791
3992,1052,2838
3993,1052,2843
3994,1052,2869
3995,1052,2870
3996,1052,2871
3997,1052,2872
3998,1052,2898
3999,1052,2902
4000,1052,2908
4001,1052,2918
4002,1052,2950
4003,1052,2959
4004,1052,3005
4005,1052,3012
4006,1052,3050
4007,1052,3107
4008,1052,3176
4009,1052,3192
4010,1052,3253
4011,1052,3264
4012,1052,3337
4013,1052,3370
4014,1052,3441
4015,1052,3470
4016,1052,3482
4017,1052,3519
4018,1052,3529
4019,1052,3580
4020,1052,3601
4021,1052,3647
4022,1052,3701
4023,1052,3772
4024,1052,3837
4025,1052,3879
4026,1052,3921
4027,1052,3983
4028,1052,3984
4029,1052,4033
4030,1052,4045
4031,1052,4049
4032,1052,4067
4033,1052,4104
4034,1052,4116
4035,1052,4120
4036,1052,4125
4037,1052,4132
4038,1052,4133
4039,1052,4134
4040,1052,4146
4041,1052,4171
4042,1052,4179
4043,1052,4187
4044,1052,4247
4045,1052,4262
4046,1052,4266
4047,1052,4272
4048,1053,53
4049,1053,111
4050,1053,213
4051,1053,214
4052,1053,247
4053,1053,278
4054,1053,302
4055,1053,312
4056,1053,387
4057,1053,447
4058,1053,455
4059,1053,471
4060,1053,492
4061,1053,510
4062,1053,549
4063,1053,570
4064,1053,599
4065,1053,2
4066,1053,3
4067,1053,698
4068,1053,735
4069,1053,796
4070,1053,846
4071,1053,4
4072,1053,906
4073,1053,939
4074,1053,990
4075,1053,993
4076,1053,1098
4077,1053,1110
4078,1053,1116
4079,1053,1127
4080,1053,1153
4081,1053,1204
4082,1053,1208
4083,1053,1232
4084,1053,1293
4085,1053,1343
4086,1053,1344
4087,1053,1372
4088,1053,1408
4089,1053,1506
4090,1053,1566
4091,1053,1583
4092,1053,1611
4093,1053,1652
4094,1053,1685
4095,1053,1758
4096,1053,6
4097,1053,1810
4098,1053,1826
4099,1053,1845
4100,1053,7
4101,1053,1934
4102,1053,1949
4103,1053,1951
4104,1053,2002
4105,1053,2031
4106,1053,2055
4107,1053,10
4108,1053,2064
4109,1053,2065
4110,1053,2097
4111,1053,11
4112,1053,2155
4113,1053,2176
4114,1053,2200
4115,1053,2203
4116,1053,2214
4117,1053,2277
4118,1053,2282
4119,1053,2283
4120,1053,2293
4121,1053,2334
4122,1053,2336
4123,1053,2396
4124,1053,2408
4125,1053,2430
4126,1053,2463
4127,1053,2467
4128,1053,2479
4129,1053,2494
4130,1053,2533
4131,1053,2585
4132,1053,2619
4133,1053,2742
4134,1053,2772
4135,1053,2780
4136,1053,2851
4137,1053,2975
4138,1053,2985
4139,1053,2997
4140,1053,3115
4141,1053,3214
4142,1053,3258
4143,1053,3266
4144,1053,3270
4145,1053,3317
4146,1053,3334
4147,1053,3341
4148,1053,3356
4149,1053,3388
4150,1053,3404
4151,1053,3475
4152,1053,3524
4153,1053,3575
4154,1053,3678
4155,1053,3721
4156,1053,3722
4157,1053,3727
4158,1053,3763
4159,1053,3790
4160,1053,3791
4161,1053,3816
4162,1053,3911
4163,1053,3985
4164,1053,4037
4165,1053,12
4166,1053,4145
4167,1053,4159
4168,1053,4254
4169,1054,44
4170,1054,45
4171,1054,231
4172,1054,338
4173,1054,357
4174,1054,408
4175,1054,508
4176,1054,540
4177,1054,618
4178,1054,3
4179,1054,651
4180,1054,702
4181,1054,734
4182,1054,798
4183,1054,846
4184,1054,848
4185,1054,852
4186,1054,883
4187,1054,4
4188,1054,999
4189,1054,1021
4190,1054,1044
4191,1054,1122
4192,1054,1216
4193,1054,1244
4194,1054,1295
4195,1054,1356
4196,1054,1398
4197,1054,1500
4198,1054,1589
4199,1054,1614
4200,1054,1705
4201,1054,1711
4202,1054,1712
4203,1054,1752
4204,1054,1794
4205,1054,1807
4206,1054,1831
4207,1054,1858
4208,1054,1922
4209,1054,1930
4210,1054,1968
4211,1054,2061
4212,1054,10
4213,1054,2096
4214,1054,2123
4215,1054,2129
4216,1054,2160
4217,1054,2163
4218,1054,2249
4219,1054,2360
4220,1054,2458
4221,1054,2466
4222,1054,2474
4223,1054,2481
4224,1054,2502
4225,1054,2521
4226,1054,2566
4227,1054,2574
4228,1054,2623
4229,1054,2624
4230,1054,2643
4231,1054,2679
4232,1054,2764
4233,1054,3000
4234,1054,3067
4235,1054,3089
4236,1054,3127
4237,1054,3191
4238,1054,3211
4239,1054,3238
4240,1054,3273
4241,1054,3383
4242,1054,3590
4243,1054,3721
4244,1054,3821
4245,1054,3984
4246,1054,4102
4247,1054,4175
4248,880,14
4249,880,16
4250,880,21
4251,880,26
4252,880,32
4253,880,34
4254,880,40
4255,880,42
4256,880,49
4257,880,52
4258,880,58
4259,880,60
4260,880,79
4261,880,99
4262,880,103
4263,880,107
4264,880,117
4265,880,122
4266,880,124
4267,880,125
4268,880,128
4269,880,131
4270,880,133
4271,880,134
4272,880,142
4273,880,144
4274,880,149
4275,880,152
4276,880,160
4277,880,167
4278,880,191
4279,880,192
4280,880,199
4281,880,205
4282,880,217
4283,880,222
4284,880,224
4285,880,226
4286,880,232
4287,880,241
4288,880,253
4289,880,255
4290,880,256
4291,880,259
4292,880,266
4293,880,277
4294,880,281
4295,880,282
4296,880,307
4297,880,311
4298,880,340
4299,880,341
4300,880,342
4301,880,346
4302,880,347
4303,880,349
4304,880,354
4305,880,362
4306,880,372
4307,880,376
4308,880,379
4309,880,388
4310,880,396
4311,880,404
4312,880,411
4313,880,412
4314,880,420
4315,880,431
4316,880,432
4317,880,450
4318,880,457
4319,880,1
4320,880,459
4321,880,473
4322,880,474
4323,880,479
4324,880,480
4325,880,487
4326,880,492
4327,880,495
4328,880,499
4329,880,505
4330,880,512
4331,880,514
4332,880,517
4333,880,525
4334,880,533
4335,880,550
4336,880,551
4337,880,554
4338,880,560
4339,880,565
4340,880,567
4341,880,569
4342,880,592
4343,880,598
4344,880,613
4345,880,629
4346,880,639
4347,880,640
4348,880,647
4349,880,649
4350,880,650
4351,880,652
4352,880,658
4353,880,664
4354,880,666
4355,880,670
4356,880,671
4357,880,678
4358,880,688
4359,880,692
4360,880,696
4361,880,697
4362,880,702
4363,880,710
4364,880,721
4365,880,729
4366,880,737
4367,880,742
4368,880,743
4369,880,744
4370,880,751
4371,880,762
4372,880,767
4373,880,768
4374,880,775
4375,880,785
4376,880,788
4377,880,789
4378,880,790
4379,880,795
4380,880,797
4381,880,814
4382,880,831
4383,880,840
4384,880,842
4385,880,845
4386,880,846
4387,880,849
4388,880,850
4389,880,853
4390,880,862
4391,880,863
4392,880,869
4393,880,874
4394,880,875
4395,880,877
4396,880,880
4397,880,886
4398,880,888
4399,880,890
4400,880,896
4401,880,897
4402,880,900
4403,880,901
4404,880,904
4405,880,914
4406,880,915
4407,880,919
4408,880,921
4409,880,947
4410,880,949
4411,880,950
4412,880,958
4413,880,968
4414,880,969
4415,880,981
4416,880,982
4417,880,988
4418,880,989
4419,880,995
4420,880,998
4421,880,1001
4422,880,1003
4423,880,1008
4424,880,1009
4425,880,1010
4426,880,1015
4427,880,1016
4428,880,1018
4429,880,1036
4430,880,1038
4431,880,1039
4432,880,1040
4433,880,1042
4434,880,1056
4435,880,1066
4436,880,1069
4437,880,1072
4438,880,1073
4439,880,1078
4440,880,1081
4441,880,1082
4442,880,1091
4443,880,1100
4444,880,1107
4445,880,1138
4446,880,1151
4447,880,1156
4448,880,1158
4449,880,1170
4450,880,1174
4451,880,1178
4452,880,1197
4453,880,1211
4454,880,1213
4455,880,1214
4456,880,1224
4457,880,1227
4458,880,1228
4459,880,1231
4460,880,1234
4461,880,1239
4462,880,1255
4463,880,1274
4464,880,1277
4465,880,1280
4466,880,1288
4467,880,1318
4468,880,1320
4469,880,1326
4470,880,1334
4471,880,1341
4472,880,1347
4473,880,1349
4474,880,1350
4475,880,1351
4476,880,1353
4477,880,1354
4478,880,1359
4479,880,1362
4480,880,1365
4481,880,1369
4482,880,1382
4483,880,1386
4484,880,1387
4485,880,1390
4486,880,1391
4487,880,1392
4488,880,1399
4489,880,1404
4490,880,1410
4491,880,1424
4492,880,1426
4493,880,1433
4494,880,1446
4495,880,1447
4496,880,1452
4497,880,1462
4498,880,1464
4499,880,1468
4500,880,1471
4501,880,1483
4502,880,1490
4503,880,1493
4504,880,1501
4505,880,1502
4506,880,1503
4507,880,1510
4508,880,1512
4509,880,1546
4510,880,1547
4511,880,1557
4512,880,1560
4513,880,1561
4514,880,1570
4515,880,1578
4516,880,1579
4517,880,1587
4518,880,1604
4519,880,1607
4520,880,1611
4521,880,1618
4522,880,1619
4523,880,1623
4524,880,1624
4525,880,1625
4526,880,1639
4527,880,1650
4528,880,1655
4529,880,1665
4530,880,1666
4531,880,1676
4532,880,1677
4533,880,1678
4534,880,1687
4535,880,1694
4536,880,1695
4537,880,1696
4538,880,1707
4539,880,1713
4540,880,1714
4541,880,1719
4542,880,1720
4543,880,1731
4544,880,1735
4545,880,1746
4546,880,1750
4547,880,1760
4548,880,1784
4549,880,1786
4550,880,6
4551,880,1790
4552,880,1798
4553,880,1814
4554,880,1815
4555,880,1817
4556,880,1831
4557,880,1832
4558,880,1835
4559,880,1838
4560,880,1841
4561,880,1852
4562,880,1854
4563,880,1856
4564,880,1860
4565,880,1867
4566,880,1868
4567,880,1869
4568,880,1871
4569,880,1875
4570,880,1877
4571,880,1882
4572,880,1885
4573,880,1887
4574,880,1891
4575,880,1893
4576,880,1894
4577,880,1895
4578,880,1898
4579,880,1906
4580,880,1916
4581,880,1920
4582,880,1924
4583,880,1943
4584,880,1962
4585,880,1963
4586,880,1972
4587,880,1976
4588,880,1978
4589,880,1981
4590,880,1986
4591,880,1992
4592,880,2007
4593,880,2012
4594,880,2017
4595,880,2018
4596,880,2036
4597,880,2037
4598,880,2039
4599,880,2047
4600,880,2049
4601,880,2056
4602,880,2077
4603,880,2084
4604,880,2088
4605,880,2092
4606,880,2098
4607,880,2111
4608,880,2112
4609,880,2116
4610,880,2118
4611,880,2128
4612,880,2132
4613,880,2137
4614,880,2138
4615,880,2145
4616,880,2147
4617,880,2150
4618,880,2151
4619,880,2158
4620,880,2164
4621,880,2171
4622,880,2173
4623,880,2174
4624,880,2223
4625,880,2226
4626,880,2227
4627,880,2228
4628,880,2230
4629,880,2231
4630,880,2233
4631,880,2234
4632,880,2240
4633,880,2241
4634,880,2244
4635,880,2250
4636,880,2253
4637,880,2257
4638,880,2259
4639,880,2261
4640,880,2262
4641,880,2264
4642,880,2272
4643,880,2273
4644,880,2274
4645,880,2279
4646,880,2284
4647,880,2285
4648,880,2292
4649,880,2307
4650,880,2308
4651,880,2313
4652,880,2317
4653,880,2320
4654,880,2324
4655,880,2327
4656,880,2336
4657,880,2347
4658,880,2349
4659,880,2353
4660,880,2355
4661,880,2358
4662,880,2361
4663,880,2362
4664,880,2372
4665,880,2375
4666,880,2381
4667,880,2385
4668,880,2386
4669,880,2387
4670,880,2388
4671,880,2393
4672,880,2394
4673,880,2409
4674,880,2418
4675,880,2422
4676,880,2423
4677,880,2446
4678,880,2454
4679,880,2476
4680,880,2481
4681,880,2498
4682,880,2504
4683,880,2506
4684,880,2519
4685,880,2531
4686,880,2539
4687,880,2541
4688,880,2556
4689,880,2559
4690,880,2568
4691,880,2569
4692,880,2571
4693,880,2573
4694,880,2581
4695,880,2592
4696,880,2607
4697,880,2608
4698,880,2611
4699,880,2614
4700,880,2620
4701,880,2635
4702,880,2643
4703,880,2644
4704,880,2652
4705,880,2653
4706,880,2675
4707,880,2682
4708,880,2685
4709,880,2693
4710,880,2699
4711,880,2708
4712,880,2717
4713,880,2718
4714,880,2725
4715,880,2729
4716,880,2745
4717,880,2748
4718,880,2751
4719,880,2756
4720,880,2768
4721,880,2771
4722,880,2773
4723,880,2776
4724,880,2782
4725,880,2789
4726,880,2795
4727,880,2796
4728,880,2797
4729,880,2800
4730,880,2801
4731,880,2802
4732,880,2814
4733,880,2822
4734,880,2823
4735,880,2824
4736,880,2826
4737,880,2827
4738,880,2833
4739,880,2836
4740,880,2854
4741,880,2857
4742,880,2858
4743,880,2867
4744,880,2868
4745,880,2870
4746,880,2874
4747,880,2877
4748,880,2880
4749,880,2882
4750,880,2894
4751,880,2896
4752,880,2944
4753,880,2945
4754,880,2948
4755,880,2954
4756,880,2956
4757,880,2958
4758,880,2964
4759,880,2972
4760,880,2974
4761,880,2981
4762,880,2983
4763,880,2994
4764,880,3001
4765,880,3004
4766,880,3013
4767,880,3027
4768,880,3031
4769,880,3032
4770,880,3034
4771,880,3039
4772,880,3040
4773,880,3041
4774,880,3042
4775,880,3044
4776,880,3054
4777,880,3059
4778,880,3060
4779,880,3064
4780,880,3069
4781,880,3082
4782,880,3098
4783,880,3099
4784,880,3100
4785,880,3101
4786,880,3109
4787,880,3112
4788,880,3113
4789,880,3118
4790,880,3134
4791,880,3137
4792,880,3139
4793,880,3148
4794,880,3155
4795,880,3159
4796,880,3161
4797,880,3162
4798,880,3164
4799,880,3168
4800,880,3172
4801,880,3177
4802,880,3181
4803,880,3186
4804,880,3188
4805,880,3195
4806,880,3197
4807,880,3199
4808,880,3207
4809,880,3208
4810,880,3215
4811,880,3222
4812,880,3225
4813,880,3234
4814,880,3239
4815,880,3249
4816,880,3257
4817,880,3271
4818,880,3289
4819,880,3290
4820,880,3291
4821,880,3295
4822,880,3302
4823,880,3305
4824,880,3306
4825,880,3319
4826,880,3320
4827,880,3331
4828,880,3338
4829,880,3340
4830,880,3376
4831,880,3380
4832,880,3381
4833,880,3383
4834,880,3387
4835,880,3398
4836,880,3400
4837,880,3401
4838,880,3408
4839,880,3415
4840,880,3442
4841,880,3455
4842,880,3457
4843,880,3463
4844,880,3477
4845,880,3482
4846,880,3483
4847,880,3485
4848,880,3486
4849,880,3487
4850,880,3488
4851,880,3492
4852,880,3494
4853,880,3496
4854,880,3497
4855,880,3498
4856,880,3499
4857,880,3501
4858,880,3502
4859,880,3528
4860,880,3534
4861,880,3538
4862,880,3540
4863,880,3543
4864,880,3544
4865,880,3556
4866,880,3558
4867,880,3565
4868,880,3574
4869,880,3578
4870,880,3579
4871,880,3581
4872,880,3587
4873,880,3593
4874,880,3604
4875,880,3613
4876,880,3618
4877,880,3620
4878,880,3623
4879,880,3626
4880,880,3646
4881,880,3662
4882,880,3673
4883,880,3680
4884,880,3696
4885,880,3708
4886,880,3709
4887,880,3715
4888,880,3744
4889,880,3764
4890,880,3776
4891,880,3781
4892,880,3783
4893,880,3784
4894,880,3785
4895,880,3801
4896,880,3802
4897,880,3803
4898,880,3804
4899,880,3806
4900,880,3809
4901,880,3818
4902,880,3820
4903,880,3834
4904,880,3851
4905,880,3852
4906,880,3853
4907,880,3854
4908,880,3857
4909,880,3858
4910,880,3859
4911,880,3860
4912,880,3861
4913,880,3862
4914,880,3864
4915,880,3865
4916,880,3868
4917,880,3870
4918,880,3872
4919,880,3873
4920,880,3874
4921,880,3875
4922,880,3877
4923,880,3880
4924,880,3882
4925,880,3888
4926,880,3889
4927,880,3893
4928,880,3894
4929,880,3898
4930,880,3899
4931,880,3902
4932,880,3905
4933,880,3907
4934,880,3908
4935,880,3915
4936,880,3918
4937,880,3924
4938,880,3925
4939,880,3939
4940,880,3943
4941,880,3948
4942,880,3954
4943,880,3955
4944,880,3978
4945,880,3983
4946,880,3984
4947,880,3993
4948,880,3998
4949,880,4002
4950,880,4015
4951,880,4025
4952,880,4029
4953,880,4031
4954,880,4034
4955,880,4036
4956,880,4045
4957,880,4067
4958,880,4069
4959,880,4094
4960,880,4096
4961,880,4101
4962,880,4103
4963,880,4106
4964,880,4109
4965,880,4110
4966,880,4111
4967,880,4117
4968,880,4138
4969,880,4139
4970,880,4151
4971,880,4162
4972,880,4166
4973,880,4169
4974,880,4170
4975,880,4172
4976,880,4173
4977,880,4178
4978,880,4180
4979,880,4186
4980,880,4190
4981,880,4201
4982,880,4214
4983,880,4215
4984,880,4218
4985,880,4227
4986,880,4234
4987,880,4239
4988,880,4243
4989,880,4257
4990,880,4259
4991,880,4275
4992,880,4276
4993,880,4295
4994,1055,72
4995,1055,240
4996,1055,314
4997,1055,328
4998,1055,1
4999,1055,467
5000,1055,485
5001,1055,534
5002,1055,552
5003,1055,2
5004,1055,3
5005,1055,654
5006,1055,759
5007,1055,779
5008,1055,787
5009,1055,805
5010,1055,864
5011,1055,4
5012,1055,909
5013,1055,939
5014,1055,960
5015,1055,961
5016,1055,973
5017,1055,990
5018,1055,1090
5019,1055,1118
5020,1055,1121
5021,1055,1161
5022,1055,1202
5023,1055,1209
5024,1055,1217
5025,1055,1279
5026,1055,1289
5027,1055,1302
5028,1055,1307
5029,1055,1415
5030,1055,1452
5031,1055,1509
5032,1055,1533
5033,1055,1535
5034,1055,1597
5035,1055,1771
5036,1055,1783
5037,1055,6
5038,1055,1804
5039,1055,1831
5040,1055,1853
5041,1055,7
5042,1055,1940
5043,1055,1941
5044,1055,1969
5045,1055,1978
5046,1055,1979
5047,1055,2019
5048,1055,2026
5049,1055,10
5050,1055,2074
5051,1055,2087
5052,1055,11
5053,1055,2110
5054,1055,2125
5055,1055,2172
5056,1055,2214
5057,1055,2246
5058,1055,2289
5059,1055,2329
5060,1055,2383
5061,1055,2429
5062,1055,2451
5063,1055,2456
5064,1055,2543
5065,1055,2582
5066,1055,2610
5067,1055,2655
5068,1055,2774
5069,1055,2829
5070,1055,2922
5071,1055,2963
5072,1055,3035
5073,1055,3063
5074,1055,3121
5075,1055,3179
5076,1055,3266
5077,1055,3278
5078,1055,3284
5079,1055,3322
5080,1055,3365
5081,1055,3368
5082,1055,3378
5083,1055,3429
5084,1055,3526
5085,1055,3614
5086,1055,3622
5087,1055,3671
5088,1055,3695
5089,1055,3721
5090,1055,3770
5091,1055,3786
5092,1055,3824
5093,1055,3838
5094,1055,3840
5095,1055,3961
5096,1055,3984
5097,1055,4019
5098,1055,4045
5099,1055,4073
5100,1055,12
5101,1055,4104
5102,1055,4236
5103,1055,4254
5104,1055,4266
5105,1055,4288
5106,1056,2
5107,1056,3
5108,1056,4
5109,1056,1285
5110,1056,1327
5111,1056,11
5112,1056,2367
5113,1056,2655
5114,1085,196
5115,1085,484
5116,1085,846
5117,1085,1179
5118,1085,1302
5119,1085,1540
5120,1085,1609
5121,1085,1610
5122,1085,2016
5123,1085,2260
5124,1085,3097
5125,1085,3247
5126,1085,3755
5127,1085,3936
5128,1085,3938
5129,1085,4035
5130,1057,49
5131,1057,115
5132,1057,116
5133,1057,157
5134,1057,187
5135,1057,246
5136,1057,360
5137,1057,437
5138,1057,478
5139,1057,508
5140,1057,535
5141,1057,702
5142,1057,705
5143,1057,719
5144,1057,864
5145,1057,954
5146,1057,1035
5147,1057,1117
5148,1057,1133
5149,1057,1188
5150,1057,1210
5151,1057,1247
5152,1057,1271
5153,1057,1298
5154,1057,1405
5155,1057,1469
5156,1057,1470
5157,1057,1513
5158,1057,1514
5159,1057,1565
5160,1057,1574
5161,1057,1585
5162,1057,1638
5163,1057,1684
5164,1057,1699
5165,1057,1932
5166,1057,1973
5167,1057,10
5168,1057,2139
5169,1057,2142
5170,1057,2143
5171,1057,2153
5172,1057,2296
5173,1057,2308
5174,1057,2378
5175,1057,2379
5176,1057,2380
5177,1057,2401
5178,1057,2444
5179,1057,2587
5180,1057,2636
5181,1057,2647
5182,1057,2670
5183,1057,2671
5184,1057,2680
5185,1057,2731
5186,1057,2755
5187,1057,2767
5188,1057,2913
5189,1057,3022
5190,1057,3061
5191,1057,3163
5192,1057,3195
5193,1057,3283
5194,1057,3294
5195,1057,3298
5196,1057,3301
5197,1057,3393
5198,1057,3478
5199,1057,3568
5200,1057,3619
5201,1057,3634
5202,1057,3635
5203,1057,3636
5204,1057,3684
5205,1057,3718
5206,1057,3719
5207,1057,3740
5208,1057,3951
5209,1057,3972
5210,1057,4008
5211,1057,4065
5212,1057,4071
5213,1057,4077
5214,1057,4108
5215,1057,4131
5216,1057,4132
5217,1057,4160
5218,1057,4207
5219,1057,4242
5220,1104,19
5221,1104,68
5222,1104,69
5223,1104,70
5224,1104,71
5225,1104,73
5226,1104,96
5227,1104,108
5228,1104,121
5229,1104,135
5230,1104,146
5231,1104,148
5232,1104,150
5233,1104,219
5234,1104,244
5235,1104,247
5236,1104,286
5237,1104,296
5238,1104,350
5239,1104,377
5240,1104,409
5241,1104,434
5242,1104,452
5243,1104,465
5244,1104,492
5245,1104,517
5246,1104,544
5247,1104,545
5248,1104,546
5249,1104,556
5250,1104,560
5251,1104,563
5252,1104,624
5253,1104,760
5254,1104,772
5255,1104,791
5256,1104,793
5257,1104,826
5258,1104,848
5259,1104,871
5260,1104,899
5261,1104,905
5262,1104,911
5263,1104,937
5264,1104,942
5265,1104,952
5266,1104,970
5267,1104,983
5268,1104,1007
5269,1104,1014
5270,1104,1183
5271,1104,1215
5272,1104,1238
5273,1104,1260
5274,1104,1262
5275,1104,1263
5276,1104,1264
5277,1104,1284
5278,1104,1297
5279,1104,1327
5280,1104,1359
5281,1104,1400
5282,1104,1411
5283,1104,1454
5284,1104,1467
5285,1104,1511
5286,1104,1517
5287,1104,1519
5288,1104,1528
5289,1104,1529
5290,1104,1531
5291,1104,1534
5292,1104,1604
5293,1104,1626
5294,1104,1654
5295,1104,1668
5296,1104,1726
5297,1104,1727
5298,1104,1734
5299,1104,1760
5300,1104,1761
5301,1104,1796
5302,1104,1806
5303,1104,1808
5304,1104,1816
5305,1104,1831
5306,1104,1857
5307,1104,1870
5308,1104,1925
5309,1104,9
5310,1104,1926
5311,1104,1928
5312,1104,1994
5313,1104,1996
5314,1104,1998
5315,1104,2004
5316,1104,2010
5317,1104,2020
5318,1104,2022
5319,1104,2025
5320,1104,2026
5321,1104,2040
5322,1104,2048
5323,1104,2051
5324,1104,2067
5325,1104,2080
5326,1104,11
5327,1104,2101
5328,1104,2102
5329,1104,2107
5330,1104,2114
5331,1104,2124
5332,1104,2126
5333,1104,2128
5334,1104,2157
5335,1104,2159
5336,1104,2242
5337,1104,2255
5338,1104,2258
5339,1104,2325
5340,1104,2326
5341,1104,2363
5342,1104,2367
5343,1104,2368
5344,1104,2417
5345,1104,2459
5346,1104,2489
5347,1104,2497
5348,1104,2500
5349,1104,2523
5350,1104,2574
5351,1104,2624
5352,1104,2625
5353,1104,2655
5354,1104,2704
5355,1104,2740
5356,1104,2757
5357,1104,2779
5358,1104,2806
5359,1104,2837
5360,1104,2881
5361,1104,2906
5362,1104,2912
5363,1104,2980
5364,1104,3017
5365,1104,3023
5366,1104,3045
5367,1104,3047
5368,1104,3057
5369,1104,3105
5370,1104,3134
5371,1104,3141
5372,1104,3151
5373,1104,3169
5374,1104,3184
5375,1104,3191
5376,1104,3236
5377,1104,3246
5378,1104,3267
5379,1104,3277
5380,1104,3286
5381,1104,3300
5382,1104,3347
5383,1104,3410
5384,1104,3469
5385,1104,3530
5386,1104,3585
5387,1104,3603
5388,1104,3607
5389,1104,3610
5390,1104,3612
5391,1104,3632
5392,1104,3681
5393,1104,3683
5394,1104,3686
5395,1104,3691
5396,1104,3693
5397,1104,3765
5398,1104,3805
5399,1104,3836
5400,1104,3896
5401,1104,3932
5402,1104,3933
5403,1104,3969
5404,1104,3983
5405,1104,3984
5406,1104,3986
5407,1104,4013
5408,1104,4050
5409,1104,4085
5410,1104,4100
5411,1104,4111
5412,1104,4180
5413,1104,4189
5414,1104,4200
5415,1104,4212
5416,1104,4213
5417,1104,4220
5418,1104,4229
5419,1104,4235
5420,1104,4271
5421,1100,61
5422,1100,62
5423,1100,63
5424,1100,64
5425,1100,121
5426,1100,407
5427,1100,547
5428,1100,578
5429,1100,624
5430,1100,3
5431,1100,659
5432,1100,700
5433,1100,937
5434,1100,938
5435,1100,1281
5436,1100,1292
5437,1100,1327
5438,1100,1831
5439,1100,1870
5440,1100,7
5441,1100,9
5442,1100,2028
5443,1100,11
5444,1100,2119
5445,1100,2127
5446,1100,2252
5447,1100,2367
5448,1100,2410
5449,1100,2521
5450,1100,2655
5451,1100,3254
5452,1100,3553
5453,1100,3569
5454,1100,3984
5455,1100,4024
5456,1100,4050
5457,1100,4107
5458,1100,4180
5459,1058,80
5460,1058,139
5461,1058,236
5462,1058,308
5463,1058,314
5464,1058,357
5465,1058,493
5466,1058,511
5467,1058,518
5468,1058,520
5469,1058,537
5470,1058,600
5471,1058,2
5472,1058,713
5473,1058,714
5474,1058,753
5475,1058,845
5476,1058,890
5477,1058,915
5478,1058,973
5479,1058,1115
5480,1058,1152
5481,1058,1175
5482,1058,1237
5483,1058,1477
5484,1058,1533
5485,1058,1700
5486,1058,1772
5487,1058,1830
5488,1058,1853
5489,1058,1881
5490,1058,1908
5491,1058,1982
5492,1058,2058
5493,1058,2104
5494,1058,2139
5495,1058,2177
5496,1058,2202
5497,1058,2335
5498,1058,2411
5499,1058,2427
5500,1058,2783
5501,1058,2807
5502,1058,2847
5503,1058,2909
5504,1058,2991
5505,1058,3153
5506,1058,3377
5507,1058,3504
5508,1058,3507
5509,1058,3669
5510,1058,3748
5511,1058,3756
5512,1058,3824
5513,1058,3891
5514,1058,3892
5515,1058,3919
5516,1058,3966
5517,1058,3984
5518,1058,4045
5519,1058,4153
5520,1058,4221
5521,1058,4222
5522,1058,4283
5523,16000,36
5524,16000,49
5525,16000,51
5526,16000,84
5527,16000,107
5528,16000,145
5529,16000,156
5530,16000,203
5531,16000,259
5532,16000,268
5533,16000,323
5534,16000,346
5535,16000,351
5536,16000,376
5537,16000,403
5538,16000,404
5539,16000,454
5540,16000,491
5541,16000,538
5542,16000,592
5543,16000,593
5544,16000,598
5545,16000,607
5546,16000,3
5547,16000,680
5548,16000,726
5549,16000,736
5550,16000,775
5551,16000,827
5552,16000,845
5553,16000,846
5554,16000,870
5555,16000,919
5556,16000,980
5557,16000,1037
5558,16000,1045
5559,16000,1048
5560,16000,1081
5561,16000,1091
5562,16000,1327
5563,16000,1335
5564,16000,1352
5565,16000,1359
5566,16000,1365
5567,16000,1387
5568,16000,1388
5569,16000,1476
5570,16000,1481
5571,16000,1505
5572,16000,1639
5573,16000,1647
5574,16000,1671
5575,16000,1676
5576,16000,1681
5577,16000,1687
5578,16000,1732
5579,16000,1740
5580,16000,1831
5581,16000,1855
5582,16000,1861
5583,16000,1866
5584,16000,1873
5585,16000,1878
5586,16000,1898
5587,16000,1955
5588,16000,1966
5589,16000,1972
5590,16000,2003
5591,16000,2043
5592,16000,2121
5593,16000,2136
5594,16000,2151
5595,16000,2228
5596,16000,2233
5597,16000,2282
5598,16000,2285
5599,16000,2290
5600,16000,2322
5601,16000,2397
5602,16000,2405
5603,16000,2406
5604,16000,2449
5605,16000,2507
5606,16000,2673
5607,16000,2712
5608,16000,2724
5609,16000,2767
5610,16000,2768
5611,16000,2775
5612,16000,2783
5613,16000,2789
5614,16000,2802
5615,16000,2850
5616,16000,2858
5617,16000,2873
5618,16000,2951
5619,16000,3021
5620,16000,3032
5621,16000,3090
5622,16000,3101
5623,16000,3110
5624,16000,3154
5625,16000,3181
5626,16000,3182
5627,16000,3210
5628,16000,3221
5629,16000,3222
5630,16000,3228
5631,16000,3234
5632,16000,3235
5633,16000,3281
5634,16000,3308
5635,16000,3357
5636,16000,3359
5637,16000,3421
5638,16000,3480
5639,16000,3561
5640,16000,3615
5641,16000,3618
5642,16000,3637
5643,16000,3642
5644,16000,3661
5645,16000,3700
5646,16000,3721
5647,16000,3747
5648,16000,3753
5649,16000,3754
5650,16000,3785
5651,16000,3852
5652,16000,3861
5653,16000,3912
5654,16000,3944
5655,16000,3958
5656,16000,3984
5657,16000,4015
5658,16000,4075
5659,16000,4088
5660,16000,12
5661,16000,4093
5662,16000,4117
5663,16000,4132
5664,16000,4168
5665,16000,4180
5666,16000,4181
5667,16000,4192
5668,16000,4196
5669,16000,4254
5670,1059,14
5671,1059,52
5672,1059,139
5673,1059,145
5674,1059,242
5675,1059,264
5676,1059,268
5677,1059,290
5678,1059,341
5679,1059,355
5680,1059,357
5681,1059,383
5682,1059,398
5683,1059,412
5684,1059,454
5685,1059,543
5686,1059,570
5687,1059,3
5688,1059,680
5689,1059,742
5690,1059,792
5691,1059,845
5692,1059,846
5693,1059,848
5694,1059,4
5695,1059,906
5696,1059,922
5697,1059,944
5698,1059,961
5699,1059,1055
5700,1059,1102
5701,1059,1157
5702,1059,1199
5703,1059,1327
5704,1059,1352
5705,1059,1365
5706,1059,1368
5707,1059,1373
5708,1059,1383
5709,1059,1425
5710,1059,1476
5711,1059,1637
5712,1059,1639
5713,1059,1681
5714,1059,1685
5715,1059,1691
5716,1059,1775
5717,1059,1831
5718,1059,1834
5719,1059,1844
5720,1059,1860
5721,1059,1861
5722,1059,2003
5723,1059,2037
5724,1059,10
5725,1059,2083
5726,1059,2099
5727,1059,2151
5728,1059,2222
5729,1059,2290
5730,1059,2308
5731,1059,2314
5732,1059,2351
5733,1059,2441
5734,1059,2449
5735,1059,2505
5736,1059,2566
5737,1059,2592
5738,1059,2664
5739,1059,2767
5740,1059,2821
5741,1059,2850
5742,1059,2914
5743,1059,2952
5744,1059,3054
5745,1059,3094
5746,1059,3183
5747,1059,3281
5748,1059,3317
5749,1059,3514
5750,1059,3561
5751,1059,3566
5752,1059,3618
5753,1059,3721
5754,1059,3785
5755,1059,3855
5756,1059,3860
5757,1059,3920
5758,1059,3950
5759,1059,3977
5760,1059,3983
5761,1059,3984
5762,1059,4015
5763,1059,4027
5764,1059,4069
5765,1059,12
5766,1059,4127
5767,1059,4168
5768,1059,4181
5769,1059,4251
5770,1059,4270
5771,1059,4278
5772,1060,13
5773,1060,72
5774,1060,74
5775,1060,121
5776,1060,183
5777,1060,200
5778,1060,247
5779,1060,248
5780,1060,250
5781,1060,270
5782,1060,357
5783,1060,371
5784,1060,386
5785,1060,428
5786,1060,433
5787,1060,1
5788,1060,574
5789,1060,2
5790,1060,626
5791,1060,3
5792,1060,668
5793,1060,677
5794,1060,700
5795,1060,702
5796,1060,703
5797,1060,794
5798,1060,864
5799,1060,4
5800,1060,939
5801,1060,946
5802,1060,956
5803,1060,990
5804,1060,991
5805,1060,1021
5806,1060,1023
5807,1060,1063
5808,1060,1120
5809,1060,1181
5810,1060,1209
5811,1060,1217
5812,1060,1271
5813,1060,1293
5814,1060,1294
5815,1060,1295
5816,1060,1314
5817,1060,1327
5818,1060,1335
5819,1060,1372
5820,1060,1377
5821,1060,1415
5822,1060,1416
5823,1060,1450
5824,1060,1451
5825,1060,1452
5826,1060,1482
5827,1060,1535
5828,1060,1575
5829,1060,1598
5830,1060,1644
5831,1060,1651
5832,1060,1669
5833,1060,1685
5834,1060,1730
5835,1060,1753
5836,1060,1780
5837,1060,6
5838,1060,1788
5839,1060,1791
5840,1060,1822
5841,1060,1831
5842,1060,1839
5843,1060,1853
5844,1060,1890
5845,1060,7
5846,1060,1897
5847,1060,1914
5848,1060,1937
5849,1060,1940
5850,1060,1984
5851,1060,1985
5852,1060,1989
5853,1060,2050
5854,1060,2055
5855,1060,10
5856,1060,2078
5857,1060,2079
5858,1060,11
5859,1060,2176
5860,1060,2203
5861,1060,2214
5862,1060,2218
5863,1060,2219
5864,1060,2221
5865,1060,2246
5866,1060,2252
5867,1060,2271
5868,1060,2321
5869,1060,2329
5870,1060,2367
5871,1060,2374
5872,1060,2435
5873,1060,2474
5874,1060,2482
5875,1060,2492
5876,1060,2572
5877,1060,2588
5878,1060,2610
5879,1060,2655
5880,1060,2676
5881,1060,2686
5882,1060,2723
5883,1060,2774
5884,1060,2781
5885,1060,2792
5886,1060,2809
5887,1060,2815
5888,1060,2861
5889,1060,2878
5890,1060,3046
5891,1060,3063
5892,1060,3088
5893,1060,3121
5894,1060,3133
5895,1060,3187
5896,1060,3218
5897,1060,3258
5898,1060,3265
5899,1060,3266
5900,1060,3285
5901,1060,3287
5902,1060,3297
5903,1060,3321
5904,1060,3338
5905,1060,3374
5906,1060,3378
5907,1060,3588
5908,1060,3614
5909,1060,3657
5910,1060,3664
5911,1060,3671
5912,1060,3677
5913,1060,3688
5914,1060,3695
5915,1060,3698
5916,1060,3721
5917,1060,3742
5918,1060,3756
5919,1060,3863
5920,1060,3905
5921,1060,3928
5922,1060,3961
5923,1060,3971
5924,1060,4039
5925,1060,4041
5926,1060,4045
5927,1060,4064
5928,1060,12
5929,1060,4104
5930,1060,4107
5931,1060,4108
5932,1060,4135
5933,1060,4142
5934,1060,4154
5935,1060,4176
5936,1060,4199
5937,1060,4217
5938,1060,4242
5939,1060,4245
5940,1060,4254
5941,1060,4266
5942,1060,4279
5943,1060,4288
5944,1060,4289
